

INSERT INTO Universities(Name, Description, Location, ContactEmail, ContactPhone, Website, CreatedDate)
VALUES 
('American University of Beirut', 'One of the oldest and most prestigious universities in Lebanon', 'Beirut', 'info@aub.edu.lb', '+961-1-340460', 'https://www.aub.edu.lb/', GETDATE()),
('Lebanese American University', 'A leading private higher education institution in Lebanon', 'Beirut and Byblos', 'helpdesk@lau.edu.lb', '+961-1-786456', 'https://www.lau.edu.lb/', GETDATE()),
('Université Libanaise', 'The only public institution of higher education in Lebanon', 'Multiple campuses across Lebanon', 'recteur@ul.edu.lb', '+961-1-612830', 'https://www.ul.edu.lb/', GETDATE()),
('Université Saint Joseph de Beyrouth', 'A private Catholic university founded in 1875', 'Beirut', 'info@usj.edu.lb', '+961-1-421000', 'https://www.usj.edu.lb/', GETDATE()),
('University of Balamand', 'A private, secular, non-profit university', 'Al Koura, North Lebanon', 'info@balamand.edu.lb', '+961-6-930250', 'http://www.balamand.edu.lb/', GETDATE()),
('Beirut Arab University', 'A private university established in 1960', 'Beirut', 'admission@bau.edu.lb', '+961-1-300110', 'https://www.bau.edu.lb/', GETDATE()),
('Notre Dame University Lebanon', 'A private, Catholic university', 'Zouk Mosbeh', 'communications@ndu.edu.lb', '+961-9-208000', 'https://www.ndu.edu.lb/', GETDATE()),
('Lebanese International University', 'A private university with multiple campuses', 'Multiple locations in Lebanon', 'info@liu.edu.lb', '+961-1-706881', 'http://www.liu.edu.lb/', GETDATE()),
('Université Saint Esprit de Kaslik', 'A private Catholic university', 'Kaslik', 'info@usek.edu.lb', '+961-9-600000', 'https://www.usek.edu.lb/', GETDATE()),
('American University of Science & Technology', 'A private university focusing on science and technology', 'Beirut', 'info@aust.edu.lb', '+961-1-218716', 'http://www.aust.edu.lb/', GETDATE()),
('Arab Open University Lebanon', 'Part of the Arab Open University network', 'Beirut', 'info@aou.edu.lb', '+961-1-392139', 'http://web.aou.edu.lb/', GETDATE()),
('Haigazian University', 'A liberal arts university founded in 1955', 'Beirut', 'info@haigazian.edu.lb', '+961-1-349230', 'http://www.haigazian.edu.lb/', GETDATE()),
('American University of Technology', 'Focuses on technology and business education', 'Byblos', 'info@aut.edu.lb', '+961-9-478143', 'https://www.aut.edu/', GETDATE()),
('Rafik Hariri University', 'A private non-profit university', 'Mechref', 'admissions@rhu.edu.lb', '+961-5-603090', 'https://www.rhu.edu.lb/', GETDATE()),
('Modern University for Business & Science', 'Offers programs in business and science', 'Multiple campuses', 'info@mubs.edu.lb', '+961-5-601801', 'http://www.mubs.edu.lb/', GETDATE()),
('École Supérieure des Affaires Lebanon', 'A business school', 'Beirut', 'esa@esa.edu.lb', '+961-1-373373', 'https://www.esa.edu.lb/', GETDATE()),
('Jinan University Lebanon', 'A private university', 'Tripoli', 'dorm@jinan.edu.lb', '+961-6-447906', 'http://www.jinan.edu.lb/', GETDATE()),
('Université La Sagesse', 'A private university', 'Furn El Chebbak', 'info@uls.edu.lb', '+961-1-291091', 'https://www.uls.edu.lb/', GETDATE()),
('Middle East University Lebanon', 'A private university', 'Sabtieh, Bouchrieh', 'admissions@meu.edu.lb', '+961-1-685800', 'https://www.meu.edu.lb/', GETDATE()),
('International College Beirut', 'An educational institution', 'Beirut', 'info@ic.edu.lb', '+961-1-362500', 'https://www.ic.edu.lb/', GETDATE()),
('Université de Balamand Académie Libanaise des Beaux-Arts', 'An art academy', 'Dekouaneh', 'alba@alba.edu.lb', '+961-1-480056', 'https://alba.edu.lb/', GETDATE()),
('Islamic University of Lebanon', 'A private university', 'Beirut', 'info@iul.edu.lb', '+961-5-807711', 'http://www.iul.edu.lb/', GETDATE()),
('Global University', 'A private university', 'Beirut', 'info@gu.edu.lb', '+961-1-510666', 'http://www.gu.edu.lb/', GETDATE()),
('Université Antonine', 'A private Catholic university', 'Hadat-Baabda', 'contact@ua.edu.lb', '+961-5-927000', 'https://ua.edu.lb/', GETDATE()),
('Arts Sciences & Technology University Lebanon', 'A private university', 'Beirut', 'info@aul.edu.lb', '+961-1-708300', 'https://aul.edu.lb/', GETDATE()),
('Al Imam Al Ouzai University', 'An Islamic university', 'Beirut', 'info@ouzai.org', '+961-1-704454', 'http://ouzai.org/', GETDATE()),
('Near East School of Theology', 'A theological seminary', 'Beirut', 'info@theonest.edu.lb', '+961-1-738639', 'http://www.theonest.edu.lb/', GETDATE()),
('Université Libano Canadienne', 'A private university', 'Aintoura', 'admissions@lcu.edu.lb', '+961-9-233183', 'https://www.lcu.edu.lb/', GETDATE()),
('Lebanese German University', 'A private university', 'Sahel Alma, Jounieh', 'info@lgu.edu.lb', '+961-9-938938', 'http://www.lgu.edu.lb/', GETDATE()),
('American University of Culture & Education', 'A private university', 'Multiple campuses', 'info@auce.edu.lb', '+961-1-385566', 'https://www.auce.edu.lb/', GETDATE()),
('Jesus & Mary School Rabweh', 'A private school', 'Rabweh, Cornet Chahwan', 'info@jmrab.edu.lb', '+961-4-910531', 'http://www.jmrab.edu.lb/', GETDATE()),
('Conservatoire National des Arts et Métiers CNAM Liban', 'A higher education institution', 'Beirut', 'info@cnam-liban.fr', '+961-1-389139', 'https://www.cnam-liban.fr/', GETDATE()),
('Université Libano-Francaise', 'A private university', 'Beirut', 'ulf.conferences@ulf.edu.lb', '+961-1-378795', 'http://www.ulf.edu.lb/', GETDATE()),
('Al Maaref University', 'A private university', 'Beirut', 'info@mu.edu.lb', '+961-1-850062', 'http://www.mu.edu.lb/', GETDATE()),
('University of Sciences & Arts in Lebanon', 'A private university', 'Beirut', 'info@usal.edu.lb', '+961-1-453003', 'https://www.usal.edu.lb/', GETDATE()),
('Makassed University of Beirut', 'A private university', 'Beirut', 'Info@makassed.org', '+961-1-313370', 'https://www.makassed.org/', GETDATE()),
('Lebanese National Higher Conservatory of Music', 'A music conservatory', 'Sin El Fil', 'info@conservatory.gov.lb', '+961-1-489530', 'https://www.conservatory.gov.lb/', GETDATE()),
('University of Tripoli Lebanon', 'A private university', 'Tripoli', 'info@ut.edu.lb', '+961-6-447200', 'https://www.ut.edu.lb/', GETDATE()),
('Al Kafaat University', 'A private university', 'Ain Saadeh', 'info@aku.edu.lb', '+961-1-879304', 'https://aku.edu.lb/', GETDATE()),
('Azm University', 'A private university', 'Tripoli', 'info@azmuniversity.edu.lb', '+961-6-446572', 'http://www.azmuniversity.edu.lb/', GETDATE()),
('MUC University Lebanon', 'A private university', 'Multiple campuses', 'info@muc.edu.lb', '+961-1-555896', 'https://www.muc.edu.lb/', GETDATE()),
('Beirut Islamic University', 'An Islamic university', 'Beirut', 'info@biu.edu.lb', '+961-1-797601', 'http://www.biu.edu.lb/', GETDATE()),
('City University CITYU', 'A private university', 'Tripoli', 'info@cityu.edu.lb', '+961-6-426800', 'https://www.cityu.edu.lb/', GETDATE()),
('Université Sainte Famille Batroun', 'A private Catholic university', 'Batroun', 'info@usf.edu.lb', '+961-6-642250', 'http://www.usf.edu.lb/', GETDATE()),
('Centre Supérieur d''Études Commerciales Lebanon', 'A business school', 'Beirut', 'info@cec.edu.lb', '+961-1-353888', 'http://www.cec.edu.lb/', GETDATE()),
('Ecole des Arts Ghassan Yammine', 'An art school', 'Beirut', 'Info@edagy.com', '+961-1-202820', 'http://www.edmgy.com/', GETDATE());

INSERT INTO Certificates (UniversityId, Name)
VALUES 
(1, 'Bachelor of Arts'),
(1, 'Bachelor of Science'),
(1, 'Master of Business Administration'),
(1, 'Doctor of Philosophy'),
(2, 'Bachelor of Engineering'),
(2, 'Master of Science'),
(2, 'Bachelor of Architecture'),
(3, 'Bachelor of Medicine'),
(3, 'Bachelor of Law'),
(3, 'Master of Arts in Education'),
(4, 'Bachelor of Pharmacy'),
(4, 'Master of Public Health'),
(4, 'Doctor of Dental Surgery'),
(5, 'Bachelor of Computer Science'),
(5, 'Master of Information Technology'),
(5, 'Bachelor of Nursing'),
(6, 'Bachelor of Business Administration'),
(6, 'Master of Finance'),
(6, 'Bachelor of Graphic Design'),
(7, 'Bachelor of Civil Engineering'),
(7, 'Master of Environmental Sciences'),
(7, 'Bachelor of Psychology'),
(8, 'Bachelor of Economics'),
(8, 'Master of International Relations'),
(8, 'Bachelor of Media Studies'),
(9, 'Bachelor of Theology'),
(9, 'Master of Religious Studies'),
(9, 'Bachelor of Social Work'),
(10, 'Bachelor of Mechanical Engineering'),
(10, 'Master of Robotics'),
(10, 'Bachelor of Biotechnology'),
(11, 'Bachelor of Education'),
(11, 'Master of Teaching'),
(11, 'Bachelor of Early Childhood Education'),
(12, 'Bachelor of Fine Arts'),
(12, 'Master of Visual Arts'),
(12, 'Bachelor of Music'),
(13, 'Bachelor of Software Engineering'),
(13, 'Master of Cybersecurity'),
(13, 'Bachelor of Data Science'),
(14, 'Bachelor of Hospitality Management'),
(14, 'Master of Tourism'),
(14, 'Bachelor of Culinary Arts'),
(15, 'Bachelor of Accounting'),
(15, 'Master of Taxation'),
(15, 'Bachelor of Marketing');


INSERT INTO Posts (UniversityId, Title, Content, PostedDate)
VALUES 
(1, 'AUB Welcomes New Students', 'American University of Beirut is excited to welcome its new cohort of students for the Fall 2024 semester.', '2024-06-01 09:00:00'),
(1, 'Research Breakthrough at AUB', 'AUB researchers make significant progress in renewable energy technology.', '2024-06-10 14:30:00'),
(1, 'AUB Hosts International Conference', 'Leading scholars gather at AUB for a conference on Middle Eastern studies.', '2024-06-20 11:00:00'),
(2, 'LAU Announces New Scholarship Program', 'Lebanese American University introduces a new merit-based scholarship for outstanding students.', '2024-06-03 11:15:00'),
(2, 'LAU Expands Engineering Facilities', 'State-of-the-art laboratories added to LAU''s engineering department.', '2024-06-13 10:00:00'),
(2, 'LAU Students Win Global Competition', 'A team of LAU students takes first place in an international business case competition.', '2024-06-23 15:45:00'),
(3, 'Université Libanaise Expands Online Learning', 'UL introduces new online courses to accommodate distance learning needs.', '2024-06-05 10:30:00'),
(3, 'UL Celebrates 70th Anniversary', 'Université Libanaise marks seven decades of academic excellence with a series of events.', '2024-06-15 13:00:00'),
(3, 'New Research Center at UL', 'Université Libanaise opens a cutting-edge research center for environmental studies.', '2024-06-25 09:30:00'),
(4, 'USJ Celebrates 150th Anniversary', 'Université Saint Joseph de Beyrouth marks its 150th year with a series of events and exhibitions.', '2024-06-07 09:45:00'),
(4, 'USJ Launches New Medical Program', 'A groundbreaking medical specialization program is introduced at USJ.', '2024-06-17 14:00:00'),
(4, 'USJ Strengthens International Partnerships', 'New exchange programs established with universities in Europe and North America.', '2024-06-27 11:30:00'),
(5, 'University of Balamand Partners with MIT', 'UOB announces a new partnership with MIT for joint research projects.', '2024-06-02 15:00:00'),
(5, 'Balamand Hosts Art Exhibition', 'Student artworks showcased in a month-long exhibition at the University of Balamand.', '2024-06-12 13:30:00'),
(5, 'UOB Introduces New MBA Program', 'An innovative MBA program focused on entrepreneurship launches at UOB.', '2024-06-22 10:45:00'),
(6, 'BAU Receives International Accreditation', 'Beirut Arab University''s engineering programs receive prestigious international accreditation.', '2024-06-04 12:30:00'),
(6, 'BAU Expands Campus Facilities', 'New student center and sports complex open at Beirut Arab University.', '2024-06-14 09:15:00'),
(6, 'BAU Launches Community Outreach Program', 'Students initiate a series of community service projects across Lebanon.', '2024-06-24 16:00:00'),
(7, 'NDU Introduces New Major', 'Notre Dame University Lebanon adds Data Science to its undergraduate program offerings.', '2024-06-06 11:00:00'),
(7, 'NDU Hosts International Symposium', 'Scholars from around the world gather at NDU for a symposium on sustainable development.', '2024-06-16 14:45:00'),
(7, 'NDU Students Win Robotics Competition', 'A team of NDU engineering students takes top honors in a regional robotics competition.', '2024-06-26 10:30:00'),
(8, 'LIU Expands Campus Network', 'Lebanese International University opens a new campus in Sidon.', '2024-06-08 13:45:00'),
(8, 'LIU Strengthens Industry Partnerships', 'New internship opportunities announced for LIU students across various industries.', '2024-06-18 11:15:00'),
(8, 'LIU Hosts Career Fair', 'Annual career fair at LIU connects students with top employers in the region.', '2024-06-28 15:00:00'),
(9, 'USEK Celebrates Graduation Ceremony', 'Université Saint-Esprit de Kaslik honors its latest graduates in a grand ceremony.', '2024-06-09 10:15:00'),
(9, 'USEK Professor Wins International Award', 'USEK faculty member recognized for groundbreaking research in artificial intelligence.', '2024-06-19 13:30:00'),
(9, 'USEK Launches New Research Journal', 'A new peer-reviewed journal focusing on Mediterranean studies is launched by USEK.', '2024-06-29 11:45:00'),
(10, 'AUST Introduces Virtual Reality Lab', 'American University of Science and Technology unveils cutting-edge VR lab for engineering students.', '2024-06-11 14:00:00'),
(10, 'AUST Hosts Tech Startup Competition', 'AUST organizes a competition to foster innovation among young entrepreneurs.', '2024-06-21 10:30:00'),
(10, 'AUST Strengthens Cybersecurity Program', 'New courses and state-of-the-art facilities enhance AUST''s cybersecurity curriculum.', '2024-07-01 15:15:00'),
(11, 'AOU Lebanon Expands Online Programs', 'Arab Open University Lebanon introduces new fully online degree programs.', '2024-07-02 09:00:00'),
(12, 'Haigazian University Celebrates Founders'' Day', 'Annual event honors the legacy of Haigazian University''s founders.', '2024-07-03 11:30:00'),
(13, 'AUT Launches New Technology Center', 'American University of Technology opens an advanced technology and innovation center.', '2024-07-04 14:45:00'),
(14, 'RHU Announces Research Grants', 'Rafik Hariri University awards research grants to faculty members for innovative projects.', '2024-07-05 10:15:00'),
(15, 'MUBS Introduces New Business Analytics Program', 'Modern University for Business & Science launches a cutting-edge Business Analytics degree.', '2024-07-06 13:00:00'),
(16, 'ESA Lebanon Hosts International Business Forum', 'Leading business figures gather at ESA for a forum on global economic trends.', '2024-07-07 15:30:00'),
(17, 'Jinan University Expands Library Resources', 'Jinan University significantly enhances its digital library collection.', '2024-07-08 09:45:00'),
(18, 'La Sagesse University Celebrates Alumni Achievement', 'Distinguished alumni honored at La Sagesse University''s annual gala.', '2024-07-09 12:15:00'),
(19, 'MEU Lebanon Launches New Engineering Labs', 'Middle East University Lebanon unveils state-of-the-art engineering laboratories.', '2024-07-10 14:30:00'),
(20, 'IC Beirut Hosts Model United Nations Conference', 'Students from across Lebanon participate in IC Beirut''s Model UN event.', '2024-07-11 10:00:00'),
(21, 'ALBA Launches New Design Program', 'Université de Balamand Académie Libanaise des Beaux-Arts introduces an innovative digital design curriculum.', '2024-07-12 09:30:00'),
(22, 'IUL Hosts International Islamic Conference', 'Islamic University of Lebanon welcomes scholars for a conference on contemporary Islamic thought.', '2024-07-13 11:45:00'),
(23, 'Global University Expands Online Offerings', 'New distance learning programs introduced to cater to international students.', '2024-07-14 14:00:00'),
(24, 'Université Antonine Celebrates Research Day', 'Annual event showcases groundbreaking research by faculty and students.', '2024-07-15 10:30:00'),
(25, 'AUST Lebanon Launches Entrepreneurship Center', 'New facility aims to foster innovation and startup culture among students.', '2024-07-16 13:15:00'),
(26, 'Al Imam Al Ouzai University Introduces New Islamic Studies Program', 'Curriculum designed to address contemporary challenges in Islamic scholarship.', '2024-07-17 15:45:00'),
(27, 'NEST Hosts Interfaith Dialogue Seminar', 'Near East School of Theology brings together religious leaders for a week-long seminar.', '2024-07-18 09:00:00'),
(28, 'LCU Strengthens Canadian Partnerships', 'Université Libano Canadienne announces new exchange programs with Canadian institutions.', '2024-07-19 11:30:00'),
(29, 'LGU Unveils State-of-the-Art Engineering Labs', 'Lebanese German University invests in cutting-edge facilities for engineering students.', '2024-07-20 14:45:00'),
(30, 'AUCE Launches New Scholarship Program', 'American University of Culture & Education introduces merit-based scholarships for exceptional students.', '2024-07-21 10:15:00'),
(31, 'Jesus & Mary School Rabweh Celebrates Alumni Day', 'Annual event brings together generations of graduates to celebrate school''s legacy.', '2024-07-22 13:00:00'),
(32, 'CNAM Liban Expands Professional Development Programs', 'New short courses introduced to meet evolving industry needs.', '2024-07-23 15:30:00'),
(33, 'ULF Hosts French Language and Culture Festival', 'Université Libano-Francaise celebrates Francophone heritage with week-long event.', '2024-07-24 09:45:00'),
(34, 'Al Maaref University Launches Research Journal', 'New academic publication focuses on interdisciplinary studies in humanities and sciences.', '2024-07-25 12:15:00'),
(35, 'USAL Introduces New Health Sciences Programs', 'University of Sciences & Arts in Lebanon expands its offerings in medical and health-related fields.', '2024-07-26 14:30:00'),
(36, 'Makassed University Hosts Educational Conference', 'Educators gather to discuss innovations in teaching methodologies.', '2024-07-27 10:00:00'),
(37, 'Lebanese National Higher Conservatory of Music Announces Concert Series', 'Talented students and faculty to perform in venues across Lebanon.', '2024-07-28 13:45:00'),
(38, 'University of Tripoli Strengthens Community Outreach', 'New initiatives launched to support local development in Northern Lebanon.', '2024-07-29 16:00:00'),
(39, 'AKU Introduces Adaptive Technology Program', 'Al Kafaat University launches new courses focused on technologies for individuals with disabilities.', '2024-07-30 09:30:00'),
(40, 'Azm University Celebrates Innovation Week', 'Student projects showcasing technological innovations on display.', '2024-07-31 12:45:00'),
(41, 'MUC University Lebanon Expands International Partnerships', 'New collaborations with universities in Europe and Asia announced.', '2024-08-01 15:15:00'),
(42, 'BIU Hosts Islamic Finance Symposium', 'Beirut Islamic University brings together experts to discuss trends in Islamic banking.', '2024-08-02 10:30:00'),
(43, 'CityU Launches Urban Development Program', 'New major focuses on sustainable city planning and management.', '2024-08-03 13:00:00'),
(44, 'USF Batroun Celebrates Founders'' Day', 'Université Sainte Famille honors its heritage with special events and exhibitions.', '2024-08-04 15:45:00'),
(45, 'CEC Lebanon Introduces Executive MBA Program', 'New program tailored for working professionals in leadership roles.', '2024-08-05 09:15:00'),
(46, 'EAGY Hosts Annual Art Exhibition', 'Ecole des Arts Ghassan Yammine showcases student artworks in downtown Beirut.', '2024-08-06 11:30:00');



INSERT INTO Managements (UniversityId, PresidentName, DeanName, VicePresidentName)
VALUES 
(1, 'Fadlo R. Khuri', 'Zaher Dawy', 'Lina Choueiri'),
(2, 'Michel E. Mawad', 'Elie Badr', 'Elise Salem'),
(3, 'Bassam Badran', 'Fawaz Arafeh', 'Ahmad Rabah'),
(4, 'Salim Daccache', 'Toufic Rizk', 'Carla Eddé'),
(5, 'Elias Warrak', 'Georges Yahchouchi', 'Rima Mattar'),
(6, 'Amr Galal El-Adawi', 'Essam Khalil', 'Omar Houri'),
(7, 'Bechara Khoury', 'George Eid', 'Fawzi Baroud'),
(8, 'Abdul Rahim Mourad', 'Hassan Ismail', 'Samir Abou Nassif'),
(9, 'Georges Hobeika', 'Rima Mattar', 'Hoda Nehme'),
(10, 'Ziad Hayek', 'Riad Sakr', 'Nazih Khaddaj Mallat'),
(11, 'Mohamad Abdallah', 'Hassan Al-Zein', 'Ghada Hinain'),
(12, 'Paul Haidostian', 'Arda Ekmekji', 'Berj Hatjian'),
(13, 'Ghada Hinain', 'Adnan Hamze', 'Najib Choucair'),
(14, 'Makram Suidan', 'Hisham Kobrosly', 'Hiam Sakr'),
(15, 'Hatem Alamy', 'Ali Tarabay', 'Hussin Hejase'),
(16, 'Maxence Duault', 'Stephane Attali', 'Fouad Zmokhol'),
(17, 'Bassam Hamad', 'Samir Abou Nassif', 'Nabil Nasser'),
(18, 'Jawad Boulos', 'Melhem Khalaf', 'Dolla Sarkis'),
(19, 'Hatem Alamy', 'Michel Nehme', 'Walid Moubarak'),
(20, 'Don Bergman', 'Mahmoud Shihab', 'Paula Mufarrij'),
(21, 'André Bekhazi', 'Juliana Nahas', 'George Fiani'),
(22, 'Hassan Chalabi', 'Ali Rahal', 'Dina Sidani'),
(23, 'Fawza Abdallah', 'Samir Abou Nassif', 'Nada Moghaizel-Nasr'),
(24, 'Antoine Hokayem', 'Charbel Karam', 'Rima Mattar'),
(25, 'Adnan Hamze', 'Tarek Nawas', 'Ghada Hinain'),
(26, 'Mohammad Matar', 'Ahmad Natout', 'Riad Chedid'),
(27, 'George Sabra', 'Wilbert van Saane', 'Johnny Awwad'),
(28, 'Riad Kassis', 'Elie Haddad', 'Rana Issa'),
(29, 'Pierre Gedeon', 'Elie Menassa', 'Charbel Karam'),
(30, 'Ali Cheaib', 'Hassan Khachfe', 'Imad Al-Zein'),
(31, 'Marlene Kanaan', 'Fadi Geara', 'Wassim Shahin'),
(32, 'William Maroun Eid', 'Nisrine Hamdan', 'Walid Moubarak'),
(33, 'Mohammed Salhab', 'Hiam Sakr', 'Nada Moghaizel-Nasr'),
(34, 'Ali Alawieh', 'Hassan Ismail', 'Dina Sidani'),
(35, 'Tarek Nawas', 'Adnan Hamze', 'Ghada Hinain'),
(36, 'Amr Galal El-Adawi', 'Essam Khalil', 'Omar Houri'),
(37, 'Walid Moussallem', 'Bassam Barake', 'Ghada Sheity'),
(38, 'Raed Mohsen', 'Mazen Kotob', 'Samar Aad Makhoul'),
(39, 'Akram Siteit', 'Hiam Sakr', 'Nada Moghaizel-Nasr'),
(40, 'Ramez Maluf', 'Fouad Chedid', 'Rima Mattar'),
(41, 'Hatem Alamy', 'Ali Tarabay', 'Hussin Hejase'),
(42, 'Omar Houri', 'Hassan Khachfe', 'Imad Al-Zein'),
(43, 'Riad Chedid', 'Samir Abou Nassif', 'Nabil Nasser'),
(44, 'Georges Hobeika', 'Charbel Karam', 'Rima Mattar'),
(45, 'Mohamad Abdallah', 'Hassan Al-Zein', 'Ghada Hinain'),
(46, 'Ghassan Yammine', 'Juliana Nahas', 'George Fiani');


INSERT INTO SocialMedias (UniversityId, Facebook, Twitter, LinkedIn, Instagram)
VALUES 
(1, 'https://www.facebook.com/aub.edu.lb/', 'https://twitter.com/AUB_Lebanon', 'https://www.linkedin.com/school/american-university-of-beirut/', 'https://www.instagram.com/aub_lebanon/'),
(2, 'https://www.facebook.com/LAUOfficial', 'https://twitter.com/LebAmUni', 'https://www.linkedin.com/school/lebanese-american-university/', 'https://www.instagram.com/lebamericanuni/'),
(3, 'https://www.facebook.com/ul.edu.lb', 'https://twitter.com/LebaneseUni', 'https://www.linkedin.com/school/lebanese-university/', 'https://www.instagram.com/lebaneseuniversity/'),
(4, 'https://www.facebook.com/USJLiban', 'https://twitter.com/USJLiban', 'https://www.linkedin.com/school/usj-liban/', 'https://www.instagram.com/usjliban/'),
(5, 'https://www.facebook.com/uobalamand', 'https://twitter.com/uobalamand', 'https://www.linkedin.com/school/university-of-balamand/', 'https://www.instagram.com/uobalamand/'),
(6, 'https://www.facebook.com/BAULebanon', 'https://twitter.com/BAULebanon', 'https://www.linkedin.com/school/beirut-arab-university/', 'https://www.instagram.com/baulebanon/'),
(7, 'https://www.facebook.com/NDULebanon', 'https://twitter.com/NDULebanon', 'https://www.linkedin.com/school/notre-dame-university-louaize/', 'https://www.instagram.com/ndulebanon/'),
(8, 'https://www.facebook.com/LIUofficial', 'https://twitter.com/LIUofficial', 'https://www.linkedin.com/school/lebanese-international-university/', 'https://www.instagram.com/liuofficial/'),
(9, 'https://www.facebook.com/USEKOfficial', 'https://twitter.com/USEKOfficial', 'https://www.linkedin.com/school/holy-spirit-university-of-kaslik/', 'https://www.instagram.com/usekofficial/'),
(10, 'https://www.facebook.com/AUST.EDU', 'https://twitter.com/AUST_EDU', 'https://www.linkedin.com/school/american-university-of-science-and-technology/', 'https://www.instagram.com/aust_edu/'),
(11, 'https://www.facebook.com/AOULebanon', 'https://twitter.com/AOULebanon', 'https://www.linkedin.com/school/arab-open-university/', 'https://www.instagram.com/aoulebanon/'),
(12, 'https://www.facebook.com/HaigazianUniversity', 'https://twitter.com/Haigazian', 'https://www.linkedin.com/school/haigazian-university/', 'https://www.instagram.com/haigazianuniversity/'),
(13, 'https://www.facebook.com/AUTLebanon', 'https://twitter.com/AUTLebanon', 'https://www.linkedin.com/school/american-university-of-technology/', 'https://www.instagram.com/autlebanon/'),
(14, 'https://www.facebook.com/RHULebanon', 'https://twitter.com/RHULebanon', 'https://www.linkedin.com/school/rafik-hariri-university/', 'https://www.instagram.com/rhulebanon/'),
(15, 'https://www.facebook.com/MUBSLebanon', 'https://twitter.com/MUBSLebanon', 'https://www.linkedin.com/school/modern-university-for-business-and-science/', 'https://www.instagram.com/mubslebanon/'),
(16, 'https://www.facebook.com/ESABeirut', 'https://twitter.com/ESABeirut', 'https://www.linkedin.com/school/esa-business-school/', 'https://www.instagram.com/esabeirut/'),
(17, 'https://www.facebook.com/JinanUniversity', 'https://twitter.com/JinanUniversity', 'https://www.linkedin.com/school/jinan-university/', 'https://www.instagram.com/jinanuniversity/'),
(18, 'https://www.facebook.com/uls.edu.lb', 'https://twitter.com/ULSLebanon', 'https://www.linkedin.com/school/université-la-sagesse/', 'https://www.instagram.com/ulslebanon/'),
(19, 'https://www.facebook.com/MEULebanon', 'https://twitter.com/MEULebanon', 'https://www.linkedin.com/school/middle-east-university/', 'https://www.instagram.com/meulebanon/'),
(20, 'https://www.facebook.com/ICBeirut', 'https://twitter.com/ICBeirut', 'https://www.linkedin.com/school/international-college-beirut/', 'https://www.instagram.com/icbeirut/'),
(21, 'https://www.facebook.com/ALBALebanon', 'https://twitter.com/ALBALebanon', 'https://www.linkedin.com/school/académie-libanaise-des-beaux-arts/', 'https://www.instagram.com/albalebanon/'),
(22, 'https://www.facebook.com/IULOfficial', 'https://twitter.com/IULOfficial', 'https://www.linkedin.com/school/islamic-university-of-lebanon/', 'https://www.instagram.com/iulofficial/'),
(23, 'https://www.facebook.com/GlobalUniversityLebanon', 'https://twitter.com/GULebanon', 'https://www.linkedin.com/school/global-university-lebanon/', 'https://www.instagram.com/gulebanon/'),
(24, 'https://www.facebook.com/UniversiteAntonine', 'https://twitter.com/UAntonine', 'https://www.linkedin.com/school/université-antonine/', 'https://www.instagram.com/uantonine/'),
(25, 'https://www.facebook.com/AULOfficial', 'https://twitter.com/AULOfficial', 'https://www.linkedin.com/school/arts-sciences-and-technology-university-in-lebanon/', 'https://www.instagram.com/aulofficial/'),
(26, 'https://www.facebook.com/AlImamAlOuzaiUniversity', 'https://twitter.com/AlOuzaiUni', 'https://www.linkedin.com/school/al-imam-al-ouzai-university/', 'https://www.instagram.com/alouzaiuni/'),
(27, 'https://www.facebook.com/NESTLebanon', 'https://twitter.com/NESTLebanon', 'https://www.linkedin.com/school/near-east-school-of-theology/', 'https://www.instagram.com/nestlebanon/'),
(28, 'https://www.facebook.com/LCULebanon', 'https://twitter.com/LCULebanon', 'https://www.linkedin.com/school/lebanese-canadian-university/', 'https://www.instagram.com/lculebanon/'),
(29, 'https://www.facebook.com/LGULebanon', 'https://twitter.com/LGULebanon', 'https://www.linkedin.com/school/lebanese-german-university/', 'https://www.instagram.com/lgulebanon/'),
(30, 'https://www.facebook.com/AUCELebanon', 'https://twitter.com/AUCELebanon', 'https://www.linkedin.com/school/american-university-of-culture-and-education/', 'https://www.instagram.com/aucelebanon/'),
(31, 'https://www.facebook.com/JMSRabweh', 'https://twitter.com/JMSRabweh', 'https://www.linkedin.com/school/jesus-and-mary-school-rabweh/', 'https://www.instagram.com/jmsrabweh/'),
(32, 'https://www.facebook.com/CNAMLebanon', 'https://twitter.com/CNAMLebanon', 'https://www.linkedin.com/school/cnam-liban/', 'https://www.instagram.com/cnamlebanon/'),
(33, 'https://www.facebook.com/ULFLebanon', 'https://twitter.com/ULFLebanon', 'https://www.linkedin.com/school/université-libano-française/', 'https://www.instagram.com/ulflebanon/'),
(34, 'https://www.facebook.com/AlMaarefUniversity', 'https://twitter.com/AlMaarefUni', 'https://www.linkedin.com/school/al-maaref-university/', 'https://www.instagram.com/almaarefuni/'),
(35, 'https://www.facebook.com/USALOfficial', 'https://twitter.com/USALOfficial', 'https://www.linkedin.com/school/university-of-sciences-and-arts-in-lebanon/', 'https://www.instagram.com/usalofficial/'),
(36, 'https://www.facebook.com/MakassedUniversity', 'https://twitter.com/MakassedUni', 'https://www.linkedin.com/school/makassed-university/', 'https://www.instagram.com/makasseduni/'),
(37, 'https://www.facebook.com/LNHCMusic', 'https://twitter.com/LNHCMusic', 'https://www.linkedin.com/school/lebanese-national-higher-conservatory-of-music/', 'https://www.instagram.com/lnhcmusic/'),
(38, 'https://www.facebook.com/UTLebanon', 'https://twitter.com/UTLebanon', 'https://www.linkedin.com/school/university-of-tripoli-lebanon/', 'https://www.instagram.com/utlebanon/'),
(39, 'https://www.facebook.com/AlKafaatUniversity', 'https://twitter.com/AlKafaatUni', 'https://www.linkedin.com/school/al-kafaat-university/', 'https://www.instagram.com/alkafaatuni/'),
(40, 'https://www.facebook.com/AzmUniversity', 'https://twitter.com/AzmUniversity', 'https://www.linkedin.com/school/azm-university/', 'https://www.instagram.com/azmuniversity/'),
(41, 'https://www.facebook.com/MUCUniversity', 'https://twitter.com/MUCUniversity', 'https://www.linkedin.com/school/muc-university/', 'https://www.instagram.com/mucuniversity/'),
(42, 'https://www.facebook.com/BIULebanon', 'https://twitter.com/BIULebanon', 'https://www.linkedin.com/school/beirut-islamic-university/', 'https://www.instagram.com/biulebanon/'),
(43, 'https://www.facebook.com/CityULebanon', 'https://twitter.com/CityULebanon', 'https://www.linkedin.com/school/city-university-lebanon/', 'https://www.instagram.com/cityulebanon/'),
(44, 'https://www.facebook.com/USFBatroun', 'https://twitter.com/USFBatroun', 'https://www.linkedin.com/school/université-sainte-famille/', 'https://www.instagram.com/usfbatroun/'),
(45, 'https://www.facebook.com/CESCLebanon', 'https://twitter.com/CESCLebanon', 'https://www.linkedin.com/school/centre-supérieur-d-études-commerciales/', 'https://www.instagram.com/cesclebanon/'),
(46, 'https://www.facebook.com/EDAGYLebanon', 'https://twitter.com/EDAGYLebanon', 'https://www.linkedin.com/school/ecole-des-arts-ghassan-yammine/', 'https://www.instagram.com/edagylebanon/');

INSERT INTO Departments (UniversityId, Name, Description, CreatedDate)
VALUES 
(1, 'Faculty of Arts and Sciences', 'Offers programs in humanities, social sciences, and natural sciences', GETDATE()),
(1, 'Faculty of Engineering and Architecture', 'Provides education in various engineering disciplines', GETDATE()),
(1, 'Faculty of Medicine', 'Offers medical education and research opportunities', GETDATE()),
(2, 'School of Arts and Sciences', 'Covers a wide range of liberal arts and science programs', GETDATE()),
(2, 'Adnan Kassar School of Business', 'Offers business and management education', GETDATE()),
(2, 'School of Engineering', 'Provides education in engineering and technology', GETDATE()),
(3, 'Faculty of Law and Political Science', 'Offers programs in law and political studies', GETDATE()),
(3, 'Faculty of Sciences', 'Covers various scientific disciplines', GETDATE()),
(3, 'Faculty of Literature and Human Sciences', 'Focuses on humanities and social sciences', GETDATE()),
(4, 'Faculty of Medicine', 'Provides medical education and research', GETDATE()),
(4, 'Faculty of Law and Political Science', 'Offers programs in legal and political studies', GETDATE()),
(4, 'Faculty of Engineering', 'Covers various engineering disciplines', GETDATE()),
(5, 'Faculty of Business and Management', 'Offers business and management education', GETDATE()),
(5, 'Faculty of Health Sciences', 'Provides education in various health-related fields', GETDATE()),
(5, 'Faculty of Arts and Sciences', 'Covers liberal arts and sciences', GETDATE()),
(6, 'Faculty of Architecture - Design & Built Environment', 'Focuses on architectural and design studies', GETDATE()),
(6, 'Faculty of Engineering', 'Offers various engineering programs', GETDATE()),
(6, 'Faculty of Science', 'Provides education in scientific disciplines', GETDATE()),
(7, 'Faculty of Natural and Applied Sciences', 'Covers various scientific and applied science fields', GETDATE()),
(7, 'Faculty of Humanities', 'Offers programs in humanities and social sciences', GETDATE()),
(7, 'Faculty of Engineering', 'Provides education in engineering disciplines', GETDATE()),
(8, 'School of Arts and Sciences', 'Offers a range of programs in liberal arts and sciences', GETDATE()),
(8, 'School of Engineering', 'Provides education in various engineering fields', GETDATE()),
(8, 'School of Business', 'Offers business and management education', GETDATE()),
(9, 'Faculty of Fine and Applied Arts', 'Focuses on artistic and design disciplines', GETDATE()),
(9, 'Faculty of Business and Commercial Sciences', 'Offers business and commerce education', GETDATE()),
(9, 'Faculty of Sciences', 'Covers various scientific fields', GETDATE()),
(10, 'Faculty of Engineering', 'Provides education in engineering disciplines', GETDATE()),
(10, 'Faculty of Health Sciences', 'Offers programs in health-related fields', GETDATE()),
(10, 'Faculty of Business and Economics', 'Focuses on business and economic studies', GETDATE()),
(11, 'Faculty of Business Studies', 'Offers programs in business and management', GETDATE()),
(11, 'Faculty of Computer Studies', 'Provides education in computer science and IT', GETDATE()),
(12, 'Faculty of Business Administration and Economics', 'Focuses on business and economic studies', GETDATE()),
(12, 'Faculty of Humanities', 'Offers programs in humanities and social sciences', GETDATE()),
(13, 'Faculty of Engineering and Architecture', 'Provides education in engineering and architectural fields', GETDATE()),
(13, 'Faculty of Business and Finance', 'Offers programs in business and financial studies', GETDATE()),
(14, 'College of Engineering', 'Covers various engineering disciplines', GETDATE()),
(14, 'College of Business Administration', 'Offers business and management education', GETDATE()),
(15, 'Faculty of Health Sciences', 'Provides education in health-related fields', GETDATE()),
(15, 'Faculty of Business', 'Offers programs in business and management', GETDATE()),
(16, 'Faculty of Business Administration', 'Offers programs in business and management', GETDATE()),
(16, 'Faculty of Law', 'Offers programs in law and legal studies', GETDATE()),
(17, 'Faculty of Arts and Sciences', 'Offers programs in humanities, social sciences, and natural sciences', GETDATE()),
(17, 'Faculty of Engineering', 'Provides education in various engineering disciplines', GETDATE()),
(18, 'Faculty of Arts and Sciences', 'Offers programs in humanities, social sciences, and natural sciences', GETDATE()),
(18, 'Faculty of Law', 'Offers programs in law and legal studies', GETDATE()),
(19, 'Faculty of Business Administration', 'Offers programs in business and management', GETDATE()),
(19, 'Faculty of Engineering', 'Provides education in various engineering disciplines', GETDATE()),
(20, 'Faculty of Arts and Sciences', 'Offers programs in humanities, social sciences, and natural sciences', GETDATE()),
(20, 'Faculty of Business Administration', 'Offers programs in business and management', GETDATE()),
(21, 'Faculty of Fine Arts', 'Offers programs in visual arts, design, and performing arts', GETDATE()),
(21, 'Faculty of Architecture', 'Provides education in architecture and urban planning', GETDATE()),
(22, 'Faculty of Islamic Studies', 'Offers programs in Islamic theology, law, and culture', GETDATE()),
(22, 'Faculty of Arts and Sciences', 'Offers programs in humanities, social sciences, and natural sciences', GETDATE()),
(23, 'Faculty of Business Administration', 'Offers programs in business and management', GETDATE()),
(23, 'Faculty of Computer Science', 'Provides education in computer science and IT', GETDATE()),
(24, 'Faculty of Arts and Sciences', 'Offers programs in humanities, social sciences, and natural sciences', GETDATE()),
(24, 'Faculty of Law', 'Offers programs in law and legal studies', GETDATE()),
(25, 'Faculty of Engineering', 'Provides education in various engineering disciplines', GETDATE()),
(25, 'Faculty of Business Administration', 'Offers programs in business and management', GETDATE()),
(26, 'Faculty of Islamic Studies', 'Offers programs in Islamic theology, law, and culture', GETDATE()),
(26, 'Faculty of Arts and Sciences', 'Offers programs in humanities, social sciences, and natural sciences', GETDATE()),
(27, 'Faculty of Theology', 'Offers programs in theology, religious studies, and ethics', GETDATE()),
(27, 'Faculty of Arts and Sciences', 'Offers programs in humanities, social sciences, and natural sciences', GETDATE()),
(28, 'Faculty of Arts and Sciences', 'Offers programs in humanities, social sciences, and natural sciences', GETDATE()),
(28, 'Faculty of Business Administration', 'Offers programs in business and management', GETDATE()),
(29, 'Faculty of Engineering', 'Provides education in various engineering disciplines', GETDATE()),
(29, 'Faculty of Business Administration', 'Offers programs in business and management', GETDATE()),
(30, 'Faculty of Arts and Sciences', 'Offers programs in humanities, social sciences, and natural sciences', GETDATE()),
(30, 'Faculty of Business Administration', 'Offers programs in business and management', GETDATE()),
(31, 'Faculty of Arts and Sciences', 'Offers programs in humanities, social sciences, and natural sciences', GETDATE()),
(31, 'Faculty of Education', 'Provides education in various educational fields', GETDATE()),
(32, 'Faculty of Engineering', 'Provides education in various engineering disciplines', GETDATE()),
(32, 'Faculty of Business Administration', 'Offers programs in business and management', GETDATE()),
(33, 'Faculty of Arts and Sciences', 'Offers programs in humanities, social sciences, and natural sciences', GETDATE()),
(33, 'Faculty of Law', 'Offers programs in law and legal studies', GETDATE()),
(34, 'Faculty of Business Administration', 'Offers programs in business and management', GETDATE()),
(34, 'Faculty of Arts and Sciences', 'Offers programs in humanities, social sciences, and natural sciences', GETDATE()),
(35, 'Faculty of Sciences', 'Covers various scientific disciplines', GETDATE()),
(35, 'Faculty of Health Sciences', 'Offers programs in health-related fields', GETDATE()),
(36, 'Faculty of Medicine', 'Offers medical education and research opportunities', GETDATE()),
(36, 'Faculty of Dentistry', 'Offers dental education and research opportunities', GETDATE()),
(37, 'Faculty of Music', 'Offers programs in music performance, composition, and theory', GETDATE()),
(37, 'Faculty of Arts and Sciences', 'Offers programs in humanities, social sciences, and natural sciences', GETDATE()),
(38, 'Faculty of Arts and Sciences', 'Offers programs in humanities, social sciences, and natural sciences', GETDATE()),
(38, 'Faculty of Engineering', 'Provides education in various engineering disciplines', GETDATE()),
(39, 'Faculty of Arts and Sciences', 'Offers programs in humanities, social sciences, and natural sciences', GETDATE()),
(39, 'Faculty of Business Administration', 'Offers programs in business and management', GETDATE()),
(40, 'Faculty of Arts and Sciences', 'Offers programs in humanities, social sciences, and natural sciences', GETDATE()),
(40, 'Faculty of Engineering', 'Provides education in various engineering disciplines', GETDATE()),
(41, 'Faculty of Business Administration', 'Offers programs in business and management', GETDATE()),
(41, 'Faculty of Arts and Sciences', 'Offers programs in humanities, social sciences, and natural sciences', GETDATE()),
(42, 'Faculty of Islamic Studies', 'Offers programs in Islamic theology, law, and culture', GETDATE()),
(42, 'Faculty of Arts and Sciences', 'Offers programs in humanities, social sciences, and natural sciences', GETDATE()),
(43, 'Faculty of Business Administration', 'Offers programs in business and management', GETDATE()),
(43, 'Faculty of Engineering', 'Provides education in various engineering disciplines', GETDATE()),
(44, 'Faculty of Arts and Sciences', 'Offers programs in humanities, social sciences, and natural sciences', GETDATE()),
(44, 'Faculty of Education', 'Provides education in various educational fields', GETDATE()),
(45, 'Faculty of Business Administration', 'Offers programs in business and management', GETDATE()),
(45, 'Faculty of Economics', 'Offers programs in economics and finance', GETDATE()),
(46, 'Faculty of Arts', 'Offers programs in visual arts, performing arts, and design', GETDATE()),
(46, 'Faculty of Music', 'Offers programs in music performance, composition, and theory', GETDATE());



INSERT INTO Faculties (UniversityId, FirstName, LastName, Title, Email, Phone, CreatedDate)
VALUES
(1, 'Fadlo', 'Khuri', 'President', 'fkhuri@aub.edu.lb', '01-340-460', GETDATE()),
(1, 'Zaher', 'Dawy', 'Dean', 'zdawy@aub.edu.lb', '01-340-461', GETDATE()),
(1, 'Lina', 'Choueiri', 'Vice President', 'lchoueiri@aub.edu.lb', '01-340-462', GETDATE()),
(1, 'Elias', 'Warrak', 'Professor', 'ewarrak@aub.edu.lb', '01-340-463', GETDATE()),
(1, 'Rima', 'Mattar', 'Associate Professor', 'rmattar@aub.edu.lb', '01-340-464', GETDATE()),
(1, 'Michel', 'Nehme', 'Assistant Professor', 'mnehme@aub.edu.lb', '01-340-465', GETDATE()),
(2, 'Michel', 'Mawad', 'President', 'mmawad@lau.edu.lb', '01-786-456', GETDATE()),
(2, 'Elie', 'Badr', 'Dean', 'ebadr@lau.edu.lb', '01-786-457', GETDATE()),
(2, 'Elise', 'Salem', 'Vice President', 'esalem@lau.edu.lb', '01-786-458', GETDATE()),
(2, 'Georges', 'Yahchouchi', 'Professor', 'gyahchouchi@lau.edu.lb', '01-786-459', GETDATE()),
(2, 'Rima', 'Mattar', 'Associate Professor', 'rmattar@lau.edu.lb', '01-786-460', GETDATE()),
(2, 'Walid', 'Moubarak', 'Assistant Professor', 'wmoubarak@lau.edu.lb', '01-786-461', GETDATE()),
(3, 'Bassam', 'Badran', 'President', 'bbadran@ul.edu.lb', '01-612-830', GETDATE()),
(3, 'Fawaz', 'Arafeh', 'Dean', 'farafeh@ul.edu.lb', '01-612-831', GETDATE()),
(3, 'Ahmad', 'Rabah', 'Vice President', 'arabah@ul.edu.lb', '01-612-832', GETDATE()),
(3, 'Hassan', 'Al-Zein', 'Professor', 'halzein@ul.edu.lb', '01-612-833', GETDATE()),
(3, 'Ghada', 'Hinain', 'Associate Professor', 'ghinain@ul.edu.lb', '01-612-834', GETDATE()),
(3, 'Dina', 'Sidani', 'Assistant Professor', 'dsidani@ul.edu.lb', '01-612-835', GETDATE()),
(4, 'Salim', 'Daccache', 'President', 'sdaccache@usj.edu.lb', '01-421-000', GETDATE()),
(4, 'Toufic', 'Rizk', 'Dean', 'trizk@usj.edu.lb', '01-421-001', GETDATE()),
(4, 'Carla', 'Eddé', 'Vice President', 'cedde@usj.edu.lb', '01-421-002', GETDATE()),
(4, 'Samir', 'Abou Nassif', 'Professor', 'sabounassif@usj.edu.lb', '01-421-003', GETDATE()),
(4, 'Nada', 'Moghaizel-Nasr', 'Associate Professor', 'nmoghaizel@usj.edu.lb', '01-421-004', GETDATE()),
(4, 'Charbel', 'Karam', 'Assistant Professor', 'ckaram@usj.edu.lb', '01-421-005', GETDATE()),
(5, 'Elias', 'Warrak', 'President', 'ewarrak@balamand.edu.lb', '06-930-250', GETDATE()),
(5, 'Georges', 'Yahchouchi', 'Dean', 'gyahchouchi@balamand.edu.lb', '06-930-251', GETDATE()),
(5, 'Rima', 'Mattar', 'Vice President', 'rmattar@balamand.edu.lb', '06-930-252', GETDATE()),
(5, 'Juliana', 'Nahas', 'Professor', 'jnahas@balamand.edu.lb', '06-930-253', GETDATE()),
(5, 'George', 'Fiani', 'Associate Professor', 'gfiani@balamand.edu.lb', '06-930-254', GETDATE()),
(5, 'Hisham', 'Kobrosly', 'Assistant Professor', 'hkobrosly@balamand.edu.lb', '06-930-255', GETDATE()),
(6, 'Amr', 'El-Adawi', 'President', 'aeladawi@bau.edu.lb', '01-300-110', GETDATE()),
(6, 'Essam', 'Khalil', 'Dean', 'ekhalil@bau.edu.lb', '01-300-111', GETDATE()),
(6, 'Omar', 'Houri', 'Vice President', 'ohouri@bau.edu.lb', '01-300-112', GETDATE()),
(6, 'Ali', 'Tarabay', 'Professor', 'atarabay@bau.edu.lb', '01-300-113', GETDATE()),
(6, 'Hussin', 'Hejase', 'Associate Professor', 'hhejase@bau.edu.lb', '01-300-114', GETDATE()),
(6, 'Fouad', 'Chedid', 'Assistant Professor', 'fchedid@bau.edu.lb', '01-300-115', GETDATE()),
(7, 'Bechara', 'Khoury', 'President', 'bkhoury@ndu.edu.lb', '09-208-000', GETDATE()),
(7, 'George', 'Eid', 'Dean', 'geid@ndu.edu.lb', '09-208-001', GETDATE()),
(7, 'Fawzi', 'Baroud', 'Vice President', 'fbaroud@ndu.edu.lb', '09-208-002', GETDATE()),
(7, 'Mazen', 'Kotob', 'Professor', 'mkotob@ndu.edu.lb', '09-208-003', GETDATE()),
(7, 'Samar', 'Makhoul', 'Associate Professor', 'smakhoul@ndu.edu.lb', '09-208-004', GETDATE()),
(7, 'Riad', 'Chedid', 'Assistant Professor', 'rchedid@ndu.edu.lb', '09-208-005', GETDATE()),
(8, 'Abdul', 'Mourad', 'President', 'amourad@liu.edu.lb', '01-706-881', GETDATE()),
(8, 'Hassan', 'Ismail', 'Dean', 'hismail@liu.edu.lb', '01-706-882', GETDATE()),
(8, 'Samir', 'Abou Nassif', 'Vice President', 'sabounassif@liu.edu.lb', '01-706-883', GETDATE()),
(8, 'Bassam', 'Barake', 'Professor', 'bbarake@liu.edu.lb', '01-706-884', GETDATE()),
(8, 'Ghada', 'Sheity', 'Associate Professor', 'gsheity@liu.edu.lb', '01-706-885', GETDATE()),
(8, 'Imad', 'Al-Zein', 'Assistant Professor', 'ialzein@liu.edu.lb', '01-706-886', GETDATE()),
(9, 'Georges', 'Hobeika', 'President', 'ghobeika@usek.edu.lb', '09-600-000', GETDATE()),
(9, 'Rima', 'Mattar', 'Dean', 'rmattar@usek.edu.lb', '09-600-001', GETDATE()),
(9, 'Hoda', 'Nehme', 'Vice President', 'hnehme@usek.edu.lb', '09-600-002', GETDATE()),
(9, 'Michel', 'Nehme', 'Professor', 'mnehme@usek.edu.lb', '09-600-003', GETDATE()),
(9, 'Nada', 'Moghaizel-Nasr', 'Associate Professor', 'nmoghaizel@usek.edu.lb', '09-600-004', GETDATE()),
(9, 'Fouad', 'Chedid', 'Assistant Professor', 'fchedid@usek.edu.lb', '09-600-005', GETDATE()),
(10, 'Ziad', 'Hayek', 'President', 'zhayek@aust.edu.lb', '01-218-716', GETDATE()),
(10, 'Riad', 'Sakr', 'Dean', 'rsakr@aust.edu.lb', '01-218-717', GETDATE()),
(10, 'Nazih', 'Mallat', 'Vice President', 'nmallat@aust.edu.lb', '01-218-718', GETDATE()),
(10, 'Adnan', 'Hamze', 'Professor', 'ahamze@aust.edu.lb', '01-218-719', GETDATE()),
(10, 'Ghada', 'Hinain', 'Associate Professor', 'ghinain@aust.edu.lb', '01-218-720', GETDATE()),
(10, 'Tarek', 'Nawas', 'Assistant Professor', 'tnawas@aust.edu.lb', '01-218-721', GETDATE()),
(11, 'Mohamad', 'Abdallah', 'President', 'mabdallah@aou.edu.lb', '01-392-139', GETDATE()),
(11, 'Hassan', 'Al-Zein', 'Dean', 'halzein@aou.edu.lb', '01-392-140', GETDATE()),
(11, 'Ghada', 'Hinain', 'Vice President', 'ghinain@aou.edu.lb', '01-392-141', GETDATE()),
(11, 'Samir', 'Abou Nassif', 'Professor', 'sabounassif@aou.edu.lb', '01-392-142', GETDATE()),
(11, 'Nada', 'Moghaizel-Nasr', 'Associate Professor', 'nmoghaizel@aou.edu.lb', '01-392-143', GETDATE()),
(11, 'Riad', 'Chedid', 'Assistant Professor', 'rchedid@aou.edu.lb', '01-392-144', GETDATE()),
(12, 'Paul', 'Haidostian', 'President', 'phaidostian@haigazian.edu.lb', '01-349-230', GETDATE()),
(12, 'Arda', 'Ekmekji', 'Dean', 'aekmekji@haigazian.edu.lb', '01-349-231', GETDATE()),
(12, 'Berj', 'Hatjian', 'Vice President', 'bhatjian@haigazian.edu.lb', '01-349-232', GETDATE()),
(12, 'Juliana', 'Nahas', 'Professor', 'jnahas@haigazian.edu.lb', '01-349-233', GETDATE()),
(12, 'George', 'Fiani', 'Associate Professor', 'gfiani@haigazian.edu.lb', '01-349-234', GETDATE()),
(12, 'Hiam', 'Sakr', 'Assistant Professor', 'hsakr@haigazian.edu.lb', '01-349-235', GETDATE()),
(13, 'Maxence', 'Duault', 'President', 'mduault@aut.edu.lb', '09-478-143', GETDATE()),
(13, 'Stephane', 'Attali', 'Dean', 'sattali@aut.edu.lb', '09-478-144', GETDATE()),
(13, 'Fouad', 'Zmokhol', 'Vice President', 'fzmokhol@aut.edu.lb', '09-478-145', GETDATE()),
(13, 'Tarek', 'Nawas', 'Professor', 'tnawas@aut.edu.lb', '09-478-146', GETDATE()),
(13, 'Ghada', 'Hinain', 'Associate Professor', 'ghinain@aut.edu.lb', '09-478-147', GETDATE()),
(13, 'Adnan', 'Hamze', 'Assistant Professor', 'ahamze@aut.edu.lb', '09-478-148', GETDATE()),
(14, 'Bassam', 'Hamad', 'President', 'bhamad@rhu.edu.lb', '05-603-090', GETDATE()),
(14, 'Samir', 'Abou Nassif', 'Dean', 'sabounassif@rhu.edu.lb', '05-603-091', GETDATE()),
(14, 'Nabil', 'Nasser', 'Vice President', 'nnasser@rhu.edu.lb', '05-603-092', GETDATE()),
(14, 'Hisham', 'Kobrosly', 'Professor', 'hkobrosly@rhu.edu.lb', '05-603-093', GETDATE()),
(14, 'Nada', 'Moghaizel-Nasr', 'Associate Professor', 'nmoghaizel@rhu.edu.lb', '05-603-094', GETDATE()),
(14, 'Riad', 'Chedid', 'Assistant Professor', 'rchedid@rhu.edu.lb', '05-603-095', GETDATE()),
(15, 'Jawad', 'Boulos', 'President', 'jboulos@mubs.edu.lb', '05-601-801', GETDATE()),
(15, 'Melhem', 'Khalaf', 'Dean', 'mkhalaf@mubs.edu.lb', '05-601-802', GETDATE()),
(15, 'Dolla', 'Sarkis', 'Vice President', 'dsarkis@mubs.edu.lb', '05-601-803', GETDATE()),
(15, 'Ali', 'Tarabay', 'Professor', 'atarabay@mubs.edu.lb', '05-601-804', GETDATE()),
(15, 'Hussin', 'Hejase', 'Associate Professor', 'hhejase@mubs.edu.lb', '05-601-805', GETDATE()),
(15, 'Fouad', 'Chedid', 'Assistant Professor', 'fchedid@mubs.edu.lb', '05-601-806', GETDATE()),
(16, 'Hatem', 'Alamy', 'President', 'halamy@esa.edu.lb', '01-373-373', GETDATE()),
(16, 'Ali', 'Tarabay', 'Dean', 'atarabay@esa.edu.lb', '01-373-374', GETDATE()),
(16, 'Hussin', 'Hejase', 'Vice President', 'hhejase@esa.edu.lb', '01-373-375', GETDATE()),
(16, 'Elie', 'Haddad', 'Professor', 'ehaddad@esa.edu.lb', '01-373-376', GETDATE()),
(16, 'Rana', 'Issa', 'Associate Professor', 'rissa@esa.edu.lb', '01-373-377', GETDATE()),
(16, 'Elie', 'Menassa', 'Assistant Professor', 'emenassa@esa.edu.lb', '01-373-378', GETDATE()),
(17, 'Don', 'Bergman', 'President', 'dbergman@jinan.edu.lb', '06-447-906', GETDATE()),
(17, 'Mahmoud', 'Shihab', 'Dean', 'mshihab@jinan.edu.lb', '06-447-907', GETDATE()),
(17, 'Paula', 'Mufarrij', 'Vice President', 'pmufarrij@jinan.edu.lb', '06-447-908', GETDATE()),
(17, 'Hassan', 'Khachfe', 'Professor', 'hKhachfe@jinan.edu.lb', '06-447-909', GETDATE()),
(17, 'Imad', 'Al-Zein', 'Associate Professor', 'ialzein@jinan.edu.lb', '06-447-910', GETDATE()),
(17, 'Samir', 'Abou Nassif', 'Assistant Professor', 'sabounassif@jinan.edu.lb', '06-447-911', GETDATE()),
(18, 'André', 'Bekhazi', 'President', 'abekhazi@uls.edu.lb', '01-291-091', GETDATE()),
(18, 'Juliana', 'Nahas', 'Dean', 'jnahas@uls.edu.lb', '01-291-092', GETDATE()),
(18, 'George', 'Fiani', 'Vice President', 'gfiani@uls.edu.lb', '01-291-093', GETDATE()),
(18, 'Charbel', 'Karam', 'Professor', 'ckaram@uls.edu.lb', '01-291-094', GETDATE()),
(18, 'Rima', 'Mattar', 'Associate Professor', 'rmattar@uls.edu.lb', '01-291-095', GETDATE()),
(18, 'Fouad', 'Chedid', 'Assistant Professor', 'fchedid@uls.edu.lb', '01-291-096', GETDATE()),
(19, 'Hatem', 'Alamy', 'President', 'halamy@meu.edu.lb', '01-685-800', GETDATE()),
(19, 'Michel', 'Nehme', 'Dean', 'mnehme@meu.edu.lb', '01-685-801', GETDATE()),
(19, 'Walid', 'Moubarak', 'Vice President', 'wmoubarak@meu.edu.lb', '01-685-802', GETDATE()),
(19, 'Hassan', 'Khachfe', 'Professor', 'hKhachfe@meu.edu.lb', '01-685-803', GETDATE()),
(19, 'Imad', 'Al-Zein', 'Associate Professor', 'ialzein@meu.edu.lb', '01-685-804', GETDATE()),
(19, 'Samir', 'Abou Nassif', 'Assistant Professor', 'sabounassif@meu.edu.lb', '01-685-805', GETDATE()),
(20, 'Don', 'Bergman', 'President', 'dbergman@ic.edu.lb', '01-362-500', GETDATE()),
(20, 'Mahmoud', 'Shihab', 'Dean', 'mshihab@ic.edu.lb', '01-362-501', GETDATE()),
(20, 'Paula', 'Mufarrij', 'Vice President', 'pmufarrij@ic.edu.lb', '01-362-502', GETDATE());



INSERT INTO Events (UniversityId, Title, Description, EventDate, Location)
VALUES
(1, 'AUB Fall 2024 Orientation', 'Welcome event for new students joining AUB in Fall 2024.', '2024-09-15 10:00:00', 'AUB Assembly Hall'),
(1, 'International Conference on Sustainable Development', 'AUB hosts a major conference on global sustainability challenges.', '2024-10-22 09:00:00', 'AUB West Hall'),
(1, 'AUB Arts Festival', 'A week-long celebration of music, theater, dance, and visual arts.', '2024-11-05 18:00:00', 'AUB Green Oval'),
(1, 'Guest Lecture by Nobel Laureate', 'Renowned economist Dr. [Name] delivers a lecture on global economic trends.', '2024-12-03 16:00:00', 'AUB Charles Hostler Auditorium'),
(1, 'AUB Medical Symposium', 'Leading medical professionals discuss advancements in healthcare.', '2025-01-14 09:00:00', 'AUB Medical Center'),
(2, 'LAU Freshman Welcome Week', 'Orientation and social events for incoming LAU students.', '2024-09-08 10:00:00', 'LAU Beirut Campus'),
(2, 'LAU Business Forum', 'Industry leaders and entrepreneurs share insights on business trends.', '2024-10-16 17:00:00', 'LAU Byblos Campus'),
(2, 'LAU Model United Nations Conference', 'Students participate in a simulated UN General Assembly.', '2024-11-20 09:00:00', 'LAU Beirut Campus'),
(2, 'LAU Christmas Concert', 'Festive musical performance by the LAU Choir and Orchestra.', '2024-12-18 19:00:00', 'LAU Byblos Chapel'),
(2, 'LAU Career Fair', 'Connecting students with potential employers and internship opportunities.', '2025-02-05 10:00:00', 'LAU Beirut Campus'),
(3, 'Université Libanaise Open Day', 'Prospective students learn about UL programs and meet faculty.', '2024-09-20 10:00:00', 'UL Fanar Campus'),
(3, 'UL International Research Symposium', 'Showcasing research projects by UL faculty and students.', '2024-11-08 09:00:00', 'UL Hadath Campus'),
(3, 'UL Cultural Festival', 'Celebrating Lebanese heritage with music, dance, and traditional food.', '2024-12-12 18:00:00', 'UL Museum Campus'),
(3, 'UL Sports Tournament', 'Inter-faculty competitions in various sports disciplines.', '2025-03-05 10:00:00', 'UL Sports Complex'),
(3, 'UL Graduation Ceremony', 'Commencement ceremony for graduating students from all faculties.', '2025-06-20 17:00:00', 'UL Fanar Campus'),
(4, 'USJ Welcome Day', 'Orientation and activities for new students joining USJ.', '2024-09-10 09:00:00', 'USJ Campus Social'),
(4, 'USJ Medical Conference', 'Leading medical experts discuss advancements in healthcare.', '2024-10-25 10:00:00', 'USJ Medical School'),
(4, 'USJ Law Symposium', 'Legal scholars and practitioners address current legal issues.', '2024-11-15 16:00:00', 'USJ Law School'),
(4, 'USJ Christmas Bazaar', 'Festive market with food, crafts, and entertainment.', '2024-12-08 11:00:00', 'USJ Campus Courtyard'),
(4, 'USJ Engineering Innovation Day', 'Showcasing student projects and research in engineering.', '2025-02-12 14:00:00', 'USJ Engineering School'),
(5, 'UOB Orientation Week', 'Welcome events and activities for new students at UOB.', '2024-09-05 10:00:00', 'UOB Koura Campus'),
(5, 'UOB Business Conference', 'Experts discuss trends and challenges in the business world.', '2024-10-18 17:00:00', 'UOB Beirut Campus'),
(5, 'UOB Health Sciences Symposium', 'Leading healthcare professionals share insights on medical advancements.', '2024-11-22 09:00:00', 'UOB Tripoli Campus'),
(5, 'UOB Christmas Charity Event', 'Fundraising event to support local charities.', '2024-12-15 18:00:00', 'UOB Koura Campus'),
(5, 'UOB Arts and Culture Festival', 'Celebrating artistic expression with music, dance, and theater performances.', '2025-03-10 19:00:00', 'UOB Beirut Campus'),
(6, 'BAU Welcome Day', 'Orientation and activities for new students joining BAU.', '2024-09-03 10:00:00', 'BAU Beirut Campus'),
(6, 'BAU Architecture Exhibition', 'Showcasing student projects and designs in architecture.', '2024-10-10 16:00:00', 'BAU Design Building'),
(6, 'BAU Engineering Competition', 'Students compete in innovative engineering challenges.', '2024-11-12 09:00:00', 'BAU Engineering Labs'),
(6, 'BAU International Cultural Festival', 'Celebrating diversity with performances and food from around the world.', '2024-12-05 18:00:00', 'BAU Main Hall'),
(6, 'BAU Career Fair', 'Connecting students with potential employers and internship opportunities.', '2025-02-20 10:00:00', 'BAU Beirut Campus'),
(7, 'NDU Orientation Week', 'Welcome events and activities for new students at NDU.', '2024-09-06 10:00:00', 'NDU Zouk Mosbeh Campus'),
(7, 'NDU Science and Technology Conference', 'Experts discuss advancements in science and technology.', '2024-10-23 17:00:00', 'NDU Auditorium'),
(7, 'NDU Humanities Symposium', 'Scholars present research and engage in discussions on humanities topics.', '2024-11-18 09:00:00', 'NDU Library'),
(7, 'NDU Christmas Concert', 'Festive musical performance by the NDU Choir and Orchestra.', '2024-12-10 19:00:00', 'NDU Chapel'),
(7, 'NDU Sports Day', 'Inter-faculty competitions in various sports disciplines.', '2025-03-15 10:00:00', 'NDU Sports Fields'),
(8, 'LIU Welcome Week', 'Orientation and activities for new students joining LIU.', '2024-09-02 10:00:00', 'LIU Beirut Campus'),
(8, 'LIU Business and Finance Forum', 'Industry leaders discuss trends and challenges in the financial sector.', '2024-10-09 17:00:00', 'LIU Byblos Campus'),
(8, 'LIU Engineering Innovation Day', 'Showcasing student projects and research in engineering.', '2024-11-06 09:00:00', 'LIU Engineering Labs'),
(8, 'LIU International Food Festival', 'Celebrating culinary diversity with food from around the world.', '2024-12-02 18:00:00', 'LIU Beirut Campus'),
(8, 'LIU Career Fair', 'Connecting students with potential employers and internship opportunities.', '2025-02-18 10:00:00', 'LIU Beirut Campus'),
(9, 'USEK Orientation Week', 'Welcome events and activities for new students at USEK.', '2024-09-09 10:00:00', 'USEK Kaslik Campus'),
(9, 'USEK Arts and Design Exhibition', 'Showcasing student artworks and design projects.', '2024-10-17 16:00:00', 'USEK Art Gallery'),
(9, 'USEK Science and Technology Symposium', 'Experts discuss advancements in science and technology.', '2024-11-14 09:00:00', 'USEK Auditorium'),
(9, 'USEK Christmas Concert', 'Festive musical performance by the USEK Choir and Orchestra.', '2024-12-09 19:00:00', 'USEK Chapel'),
(9, 'USEK Sports Tournament', 'Inter-faculty competitions in various sports disciplines.', '2025-03-20 10:00:00', 'USEK Sports Complex'),
(10, 'AUST Orientation Week', 'Welcome events and activities for new students at AUST.', '2024-09-04 10:00:00', 'AUST Beirut Campus'),
(10, 'AUST Engineering and Technology Conference', 'Experts discuss advancements in engineering and technology.', '2024-10-11 17:00:00', 'AUST Auditorium'),
(10, 'AUST Health Sciences Symposium', 'Leading healthcare professionals share insights on medical advancements.', '2024-11-08 09:00:00', 'AUST Medical Labs'),
(10, 'AUST Christmas Charity Event', 'Fundraising event to support local charities.', '2024-12-06 18:00:00', 'AUST Beirut Campus'),
(10, 'AUST Business and Economics Forum', 'Industry leaders discuss trends and challenges in the business world.', '2025-02-22 10:00:00', 'AUST Beirut Campus');


INSERT INTO Clubs (UniversityId, Name, Description, CreatedDate)
VALUES
(1, 'AUB Debate Club', 'Promotes critical thinking and public speaking skills.', GETDATE()),
(1, 'AUB Music Society', 'Fosters musical talent and appreciation through events and workshops.', GETDATE()),
(1, 'AUB Entrepreneurship Club', 'Supports aspiring entrepreneurs with mentorship and networking opportunities.', GETDATE()),
(1, 'AUB Environmental Club', 'Raises awareness and organizes initiatives for environmental sustainability.', GETDATE()),
(1, 'AUB Sports Association', 'Promotes physical fitness and organizes sports events for students.', GETDATE()),
(2, 'LAU Drama Club', 'Showcases theatrical talent and produces stage performances.', GETDATE()),
(2, 'LAU Film Society', 'Celebrates cinema through screenings and discussions.', GETDATE()),
(2, 'LAU Coding Club', 'Explores programming languages and software development.', GETDATE()),
(2, 'LAU Volunteer Corps', 'Engages in community service and charitable projects.', GETDATE()),
(2, 'LAU Photography Club', 'Encourages artistic expression through photography.', GETDATE()),
(3, 'UL Science Club', 'Promotes scientific inquiry and organizes educational events.', GETDATE()),
(3, 'UL Model United Nations', 'Simulates UN sessions and debates global issues.', GETDATE()),
(3, 'UL Cultural Heritage Society', 'Preserves and celebrates Lebanons cultural heritage.', GETDATE()),
(3, 'UL Business Innovation Club', 'Fosters entrepreneurial spirit and innovation in business.', GETDATE()),
(3, 'UL Health and Wellness Club', 'Promotes physical and mental well-being among students.', GETDATE()),
(4, 'USJ Law Society', 'Engages in legal discussions and moot court competitions.', GETDATE()),
(4, 'USJ Engineering Club', 'Encourages innovation and hands-on engineering projects.', GETDATE()),
(4, 'USJ Human Rights Committee', 'Advocates for human rights and social justice causes.', GETDATE()),
(4, 'USJ Finance and Investment Group', 'Explores financial markets and investment strategies.', GETDATE()),
(4, 'USJ Art and Design Collective', 'Fosters creativity and artistic expression through various mediums.', GETDATE()),
(5, 'UOB Science and Technology Club', 'Explores scientific advancements and technological innovations.', GETDATE()),
(5, 'UOB Business Leaders Forum', 'Connects aspiring business professionals and industry leaders.', GETDATE()),
(5, 'UOB Medical Outreach Society', 'Organizes medical camps and health awareness programs.', GETDATE()),
(5, 'UOB Cultural Exchange Club', 'Celebrates diversity through cultural events and exchanges.', GETDATE()),
(5, 'UOB Environmental Conservation Group', 'Promotes environmental awareness and conservation efforts.', GETDATE()),
(6, 'BAU Computer Science Society', 'Engages in coding challenges and tech workshops.', GETDATE()),
(6, 'BAU Design and Architecture Guild', 'Fosters creativity and design thinking in architecture.', GETDATE()),
(6, 'BAU Business Innovators Network', 'Connects aspiring entrepreneurs and business professionals.', GETDATE()),
(6, 'BAU Media and Communication Club', 'Explores media trends and organizes communication workshops.', GETDATE()),
(6, 'BAU Health and Fitness Alliance', 'Promotes physical and mental well-being through fitness activities.', GETDATE()),
(7, 'NDU Music Ensemble', 'Showcases musical talent and organizes concerts and recitals.', GETDATE()),
(7, 'NDU Model Arab League', 'Simulates diplomatic sessions and debates regional issues.', GETDATE()),
(7, 'NDU Social Impact Society', 'Engages in community service and social impact projects.', GETDATE()),
(7, 'NDU Innovation and Entrepreneurship Hub', 'Supports innovative startups and entrepreneurial ventures.', GETDATE()),
(7, 'NDU Media and Film Club', 'Fosters creativity and storytelling through media production.', GETDATE()),
(8, 'LIU Science and Research Society', 'Promotes scientific research and academic inquiry in various fields.', GETDATE()),
(8, 'LIU Business and Finance Society', 'Engages in discussions on financial markets and economic trends.', GETDATE()),
(8, 'LIU Community Service Club', 'Organizes volunteer initiatives and community outreach programs.', GETDATE()),
(8, 'LIU Art and Design Collective', 'Fosters artistic expression and creativity through various mediums.', GETDATE()),
(8, 'LIU Technology and Innovation Forum', 'Explores emerging technologies and innovation in various industries.', GETDATE()),
(9, 'USEK International Relations Club', 'Engages in discussions on global politics and international affairs.', GETDATE()),
(9, 'USEK Robotics Club', 'Explores robotics and automation through hands-on projects.', GETDATE()),
(9, 'USEK Environmental Club', 'Promotes sustainability and environmental awareness.', GETDATE()),
(9, 'USEK Music and Arts Society', 'Fosters artistic talent and organizes cultural events.', GETDATE()),
(9, 'USEK Sports Club', 'Encourages physical fitness and organizes sports activities.', GETDATE()),
(10, 'AUST Debate Society', 'Promotes debate and public speaking skills among students.', GETDATE()),
(10, 'AUST Tech Club', 'Explores technology trends and organizes coding workshops.', GETDATE()),
(10, 'AUST Business Club', 'Connects students with business professionals and industry leaders.', GETDATE()),
(10, 'AUST Cultural Club', 'Celebrates cultural diversity through events and activities.', GETDATE()),
(10, 'AUST Health and Wellness Club', 'Promotes health and wellness through various initiatives.', GETDATE());


INSERT INTO Students (FirstName, LastName, Email, Phone, DateOfBirth, CurrentUniversityId, CreatedDate)
VALUES 
('Hassan', 'Nasrallah', 'hassan.nasrallah@example.com', '01-123-456', '1998-03-15', 1, GETDATE()),
('Ali', 'Suleiman', 'ali.suleiman@example.com', '01-234-567', '1997-05-22', 2, GETDATE()),
('Sara', 'El Khalil', 'sara.khalil@example.com', '01-345-678', '2000-11-30', 3, GETDATE()),
('Mona', 'Rahme', 'mona.rahme@example.com', '01-456-789', '1996-04-18', 4, GETDATE()),
('Jad', 'Haddad', 'jad.haddad@example.com', '01-567-890', '1995-06-25', 5, GETDATE()),
('Rami', 'Farah', 'rami.farah@example.com', '01-678-901', '1999-09-19', 6, GETDATE()),
('Lina', 'Saab', 'lina.saab@example.com', '01-789-012', '1998-07-21', 7, GETDATE()),
('Ziad', 'Abou Khalil', 'ziad.khalil@example.com', '01-890-123', '1997-08-12', 8, GETDATE()),
('Nada', 'Choueiri', 'nada.choueiri@example.com', '01-901-234', '2001-02-14', 9, GETDATE()),
('Omar', 'Hage', 'omar.hage@example.com', '01-012-345', '1996-10-05', 10, GETDATE()),
('Fadi', 'Salameh', 'fadi.salameh@example.com', '01-123-456', '1995-01-30', 11, GETDATE()),
('Yasmina', 'Bitar', 'yasmina.bitar@example.com', '01-234-567', '1998-03-11', 12, GETDATE()),
('Sami', 'Gerges', 'sami.gerges@example.com', '01-345-678', '2000-06-23', 13, GETDATE()),
('Nour', 'Abdallah', 'nour.abdallah@example.com', '01-456-789', '1999-12-29', 14, GETDATE()),
('Tarek', 'Fakih', 'tarek.fakih@example.com', '01-567-890', '1997-11-13', 15, GETDATE()),
('Elie', 'Bou Saab', 'elie.saab@example.com', '01-678-901', '1998-05-17', 16, GETDATE()),
('Yara', 'El Hajj', 'yara.hajj@example.com', '01-789-012', '1996-04-30', 17, GETDATE()),
('Khaled', 'Abbas', 'khaled.abbas@example.com', '01-890-123', '2000-09-25', 18, GETDATE()),
('Nadine', 'Maalouf', 'nadine.maalouf@example.com', '01-901-234', '1998-12-07', 19, GETDATE()),
('George', 'Nasreddine', 'george.nasreddine@example.com', '01-012-345', '1999-03-05', 20, GETDATE()),
('Maya', 'Khoury', 'maya.khoury@example.com', '01-123-456', '2001-07-15', 21, GETDATE()),
('Hadi', 'Zein', 'hadi.zein@example.com', '01-234-567', '1997-01-11', 22, GETDATE()),
('Rita', 'Touma', 'rita.touma@example.com', '01-345-678', '1995-08-20', 23, GETDATE()),
('Ahmad', 'Haddad', 'ahmad.haddad@example.com', '01-456-789', '1996-04-09', 24, GETDATE()),
('Layal', 'Zahr', 'layal.zahr@example.com', '01-567-890', '1998-12-25', 25, GETDATE()),
('Walid', 'Sabbagh', 'walid.sabbagh@example.com', '01-678-901', '1999-02-19', 26, GETDATE()),
('Dalia', 'Chamoun', 'dalia.chamoun@example.com', '01-789-012', '2000-11-07', 27, GETDATE()),
('Fouad', 'Sleiman', 'fouad.sleiman@example.com', '01-890-123', '1997-10-01', 28, GETDATE()),
('Lara', 'Assaf', 'lara.assaf@example.com', '01-901-234', '1996-02-27', 29, GETDATE()),
('Nabil', 'Matar', 'nabil.matar@example.com', '01-012-345', '1995-05-22', 30, GETDATE()),
('Rima', 'Aoun', 'rima.aoun@example.com', '01-123-456', '1998-08-18', 31, GETDATE()),
('Hussein', 'Barakat', 'hussein.barakat@example.com', '01-234-567', '2001-06-11', 32, GETDATE()),
('Cynthia', 'Salhab', 'cynthia.salhab@example.com', '01-345-678', '1999-07-08', 33, GETDATE()),
('Mohamad', 'Youssef', 'mohamad.youssef@example.com', '01-456-789', '1997-03-27', 34, GETDATE()),
('Samira', 'Habib', 'samira.habib@example.com', '01-567-890', '1996-09-23', 35, GETDATE()),
('Hana', 'El Achkar', 'hana.achkar@example.com', '01-678-901', '2000-01-05', 36, GETDATE()),
('Moustafa', 'Zaher', 'moustafa.zaher@example.com', '01-789-012', '1999-05-14', 37, GETDATE()),
('Ralph', 'Fares', 'ralph.fares@example.com', '01-890-123', '1995-11-22', 38, GETDATE()),
('Nour', 'Hamade', 'nour.hamade@example.com', '01-901-234', '1998-12-11', 39, GETDATE()),
('Bilal', 'Ismail', 'bilal.ismail@example.com', '01-012-345', '1996-02-15', 40, GETDATE()),
('Nada', 'Rizk', 'nada.rizk@example.com', '01-123-456', '1999-07-04', 41, GETDATE()),
('Oussama', 'Darwish', 'oussama.darwish@example.com', '01-234-567', '1997-03-12', 42, GETDATE()),
('Yasmine', 'Kanaan', 'yasmine.kanaan@example.com', '01-345-678', '2000-04-10', 43, GETDATE()),
('Bassam', 'Ghandour', 'bassam.ghandour@example.com', '01-456-789', '1998-05-06', 44, GETDATE()),
('Lina', 'Beydoun', 'lina.beydoun@example.com', '01-567-890', '1997-09-17', 45, GETDATE()),
('Maya', 'Saade', 'maya.saade@example.com', '01-678-901', '1996-07-11', 46, GETDATE()),
('Fouad', 'Karam', 'fouad.karam@example.com', '01-789-012', '2001-02-25', NULL, GETDATE()),
('Nisrine', 'Atieh', 'nisrine.atieh@example.com', '01-890-123', '1995-10-18', NULL, GETDATE()),
('Zeinab', 'Zein', 'zeinab.zein@example.com', '01-901-234', '2000-06-29', NULL, GETDATE()),
('Ali', 'Hassan', 'ali.hassan@example.com', '01-012-345', '1996-11-08', NULL, GETDATE()),
('Ahmad', 'Haddad', 'ahaddad1@example.com', '01-123-456', '2000-01-15', 1, GETDATE()),
('Layla', 'Khalil', 'lkhalil2@example.com', '01-234-567', '1999-02-20', 1, GETDATE()),
('Rami', 'Nassar', 'rnassar3@example.com', '01-345-678', '2001-03-25', 2, GETDATE()),
('Sara', 'Fakhoury', 'sfakhoury4@example.com', '01-456-789', '1998-04-30', 2, GETDATE()),
('Omar', 'Sleiman', 'osleiman5@example.com', '01-567-890', '2000-05-10', 3, GETDATE()),
('Maya', 'Darwish', 'mdarwish6@example.com', '01-678-901', '1999-06-15', 3, GETDATE()),
('Hassan', 'Zein', 'hzein7@example.com', '01-789-012', '2001-07-20', 4, GETDATE()),
('Nadine', 'Maalouf', 'nmaalouf8@example.com', '01-890-123', '1998-08-25', 4, GETDATE()),
('Ali', 'Chahine', 'achahine9@example.com', '01-901-234', '2000-09-30', 5, GETDATE()),
('Rita', 'Ghanem', 'rghanem10@example.com', '01-012-345', '1999-10-05', 5, GETDATE()),
('Karim', 'Sabbagh', 'ksabbagh11@example.com', '01-123-456', '2001-11-10', 6, GETDATE()),
('Jana', 'Abdallah', 'jabdallah12@example.com', '01-234-567', '1998-12-15', 6, GETDATE()),
('Fadi', 'Karam', 'fkaram13@example.com', '01-345-678', '2000-01-20', 7, GETDATE()),
('Lina', 'Saad', 'lsaad14@example.com', '01-456-789', '1999-02-25', 7, GETDATE()),
('Tarek', 'Mansour', 'tmansour15@example.com', '01-567-890', '2001-03-30', 8, GETDATE()),
('Dina', 'Hobeika', 'dhobeika16@example.com', '01-678-901', '1998-04-05', 8, GETDATE()),
('Ziad', 'Khoury', 'zkhoury17@example.com', '01-789-012', '2000-05-10', 9, GETDATE()),
('Mona', 'Saliba', 'msaliba18@example.com', '01-890-123', '1999-06-15', 9, GETDATE()),
('Nour', 'Fares', 'nfares19@example.com', '01-901-234', '2001-07-20', 10, GETDATE()),
('Hadi', 'Azar', 'hazar20@example.com', '01-012-345', '1998-08-25', 10, GETDATE()),
('Rania', 'Bitar', 'rbitar21@example.com', '01-123-456', '2000-09-30', 11, GETDATE()),
('Samir', 'Nasr', 'snasr22@example.com', '01-234-567', '1999-10-05', 11, GETDATE()),
('Leila', 'Haddad', 'lhaddad23@example.com', '01-345-678', '2001-11-10', 12, GETDATE()),
('Nabil', 'Khalil', 'nkhalil24@example.com', '01-456-789', '1998-12-15', 12, GETDATE()),
('Rita', 'Nassar', 'rnassar25@example.com', '01-567-890', '2000-01-20', 13, GETDATE()),
('Omar', 'Fakhoury', 'ofakhoury26@example.com', '01-678-901', '1999-02-25', 13, GETDATE()),
('Maya', 'Sleiman', 'msleiman27@example.com', '01-789-012', '2001-03-30', 14, GETDATE()),
('Hassan', 'Darwish', 'hdarwish28@example.com', '01-890-123', '1998-04-05', 14, GETDATE()),
('Nadine', 'Zein', 'nzein29@example.com', '01-901-234', '2000-05-10', 15, GETDATE()),
('Ali', 'Maalouf', 'amaalouf30@example.com', '01-012-345', '1999-06-15', 15, GETDATE()),
('Rita', 'Chahine', 'rchahine31@example.com', '01-123-456', '2001-07-20', 16, GETDATE()),
('Karim', 'Ghanem', 'kghanem32@example.com', '01-234-567', '1998-08-25', 16, GETDATE()),
('Jana', 'Sabbagh', 'jsabbagh33@example.com', '01-345-678', '2000-09-30', 17, GETDATE()),
('Fadi', 'Abdallah', 'fabdallah34@example.com', '01-456-789', '1999-10-05', 17, GETDATE()),
('Lina', 'Karam', 'lkaram35@example.com', '01-567-890', '2001-11-10', 18, GETDATE()),
('Tarek', 'Saad', 'tsaad36@example.com', '01-678-901', '1998-12-15', 18, GETDATE()),
('Dina', 'Mansour', 'dmansour37@example.com', '01-789-012', '2000-01-20', 19, GETDATE()),
('Ziad', 'Hobeika', 'zhobeika38@example.com', '01-890-123', '1999-02-25', 19, GETDATE()),
('Mona', 'Khoury', 'mkhoury39@example.com', '01-901-234', '2001-03-30', 20, GETDATE()),
('Nour', 'Saliba', 'nsaliba40@example.com', '01-012-345', '1998-04-05', 20, GETDATE()),
('Hadi', 'Fares', 'hfares41@example.com', '01-123-456', '2000-05-10', 21, GETDATE()),
('Rania', 'Azar', 'razar42@example.com', '01-234-567', '1999-06-15', 21, GETDATE()),
('Samir', 'Bitar', 'sbitar43@example.com', '01-345-678', '2001-07-20', 22, GETDATE()),
('Leila', 'Nasr', 'lnasr44@example.com', '01-456-789', '1998-08-25', 22, GETDATE()),
('Nabil', 'Haddad', 'nhaddad45@example.com', '01-567-890', '2000-09-30', 23, GETDATE()),
('Rita', 'Khalil', 'rkhalil46@example.com', '01-678-901', '1999-10-05', 23, GETDATE()),
('Omar', 'Nassar', 'onassar47@example.com', '01-789-012', '2001-11-10', 24, GETDATE()),
('Maya', 'Fakhoury', 'mfakhoury48@example.com', '01-890-123', '1998-12-15', 24, GETDATE()),
('Hassan', 'Sleiman', 'hsleiman49@example.com', '01-901-234', '2000-01-20', 25, GETDATE()),
('Nadine', 'Darwish', 'ndarwish50@example.com', '01-012-345', '1999-02-25', 25, GETDATE()),
('Ali', 'Zein', 'azein51@example.com', '01-123-456', '2001-03-30', 26, GETDATE()),
('Rita', 'Maalouf', 'rmaalouf52@example.com', '01-234-567', '1998-04-05', 26, GETDATE()),
('Karim', 'Chahine', 'kchahine53@example.com', '01-345-678', '2000-05-10', 27, GETDATE());




INSERT INTO Follows (FollowId, StudentId, UniversityId, FollowDate) VALUES
(1, 34, 45, '2024-03-22'),
(2, 24, 6, '2023-07-19'),
(3, 42, 17, '2023-06-08'),
(4, 21, 17, '2024-03-02'),
(5, 13, 21, '2023-12-24'),
(6, 3, 16, '2023-07-05'),
(7, 9, 37, '2023-11-25'),
(8, 43, 8, '2023-12-04'),
(9, 12, 21, '2024-04-29'),
(10, 16, 38, '2023-06-11'),
(11, 10, 28, '2023-12-07'),
(12, 19, 41, '2023-06-19'),
(13, 31, 43, '2023-10-27'),
(14, 24, 13, '2023-11-09'),
(15, 7, 19, '2023-11-06'),
(16, 17, 45, '2023-10-26'),
(17, 48, 3, '2023-08-02'),
(18, 25, 10, '2023-10-20'),
(19, 4, 20, '2024-02-25'),
(20, 17, 5, '2024-06-15'),
(21, 8, 17, '2024-04-12'),
(22, 41, 23, '2024-05-12'),
(23, 19, 25, '2023-10-09'),
(24, 5, 17, '2023-12-15'),
(25, 35, 43, '2024-04-29'),
(26, 26, 28, '2023-10-08'),
(27, 32, 24, '2024-02-21'),
(28, 23, 43, '2023-07-01'),
(29, 23, 20, '2023-07-03'),
(30, 3, 42, '2023-09-03'),
(31, 23, 4, '2023-10-23'),
(32, 24, 7, '2023-11-30'),
(33, 20, 9, '2024-02-03'),
(34, 44, 37, '2024-05-13'),
(35, 47, 17, '2023-11-12'),
(36, 22, 10, '2023-06-13'),
(37, 30, 42, '2024-01-28'),
(38, 34, 24, '2024-02-17'),
(39, 36, 23, '2024-03-22'),
(40, 40, 25, '2024-04-13'),
(41, 40, 42, '2024-03-07'),
(42, 49, 23, '2024-02-18'),
(43, 21, 3, '2023-10-21'),
(44, 15, 17, '2023-06-18'),
(45, 42, 42, '2023-07-20'),
(46, 46, 23, '2024-01-26'),
(47, 17, 26, '2024-04-06'),
(48, 14, 6, '2023-08-06'),
(49, 41, 45, '2023-12-09'),
(50, 40, 10, '2023-06-21'),
(51, 35, 35, '2023-07-30'),
(52, 45, 4, '2024-01-10'),
(53, 35, 8, '2023-07-21'),
(54, 44, 3, '2023-08-13'),
(55, 43, 46, '2024-03-25'),
(56, 6, 29, '2023-10-01'),
(57, 43, 32, '2023-10-20'),
(58, 33, 39, '2023-08-14'),
(59, 47, 23, '2023-11-23'),
(60, 5, 14, '2023-06-07'),
(61, 1, 46, '2023-06-02'),
(62, 38, 16, '2024-06-07'),
(63, 31, 3, '2023-12-04'),
(64, 5, 6, '2023-09-08'),
(65, 34, 13, '2023-11-23'),
(66, 8, 26, '2023-11-10'),
(67, 2, 39, '2024-06-17'),
(68, 27, 23, '2023-12-27'),
(69, 36, 19, '2023-06-18'),
(70, 12, 34, '2023-09-20'),
(71, 5, 32, '2023-09-01'),
(72, 17, 6, '2023-09-16'),
(74, 10, 35, '2024-04-08'),
(75, 1, 16, '2023-09-16'),
(76, 24, 3, '2024-05-12'),
(77, 50, 45, '2023-10-19'),
(78, 17, 35, '2024-05-11'),
(79, 37, 3, '2024-02-07'),
(80, 4, 43, '2024-01-09'),
(81, 23, 18, '2024-04-05'),
(82, 19, 17, '2024-04-10'),
(83, 44, 41, '2024-01-30'),
(84, 22, 29, '2023-07-09'),
(85, 27, 30, '2023-07-30'),
(86, 22, 15, '2024-04-06'),
(87, 35, 17, '2024-04-10'),
(88, 11, 4, '2024-05-16'),
(89, 5, 20, '2023-09-18'),
(90, 18, 34, '2023-07-07'),
(91, 45, 18, '2024-04-13'),
(92, 47, 13, '2023-08-27'),
(93, 33, 16, '2024-06-02'),
(94, 9, 45, '2023-07-05'),
(95, 23, 23, '2024-01-20'),
(96, 24, 17, '2023-10-20'),
(99, 38, 18, '2024-05-04'),
(100, 35, 44, '2024-06-06'),
(101, 50, 18, '2023-11-21'),
(102, 32, 23, '2024-06-02'),
(103, 12, 7, '2023-11-08'),
(104, 23, 6, '2023-07-15'),
(105, 50, 17, '2023-07-24'),
(106, 43, 28, '2023-10-22'),
(107, 10, 17, '2023-07-21'),
(108, 26, 7, '2024-03-22'),
(109, 45, 5, '2024-04-23'),
(110, 7, 3, '2023-11-17'),
(111, 48, 17, '2024-06-13'),
(112, 24, 14, '2023-11-19'),
(113, 20, 46, '2023-07-30'),
(114, 30, 32, '2023-12-29'),
(115, 28, 23, '2024-01-15'),
(116, 25, 7, '2023-06-19'),
(117, 50, 37, '2023-08-20'),
(118, 12, 13, '2023-08-23'),
(119, 15, 12, '2024-06-04'),
(120, 7, 38, '2023-12-17'),
(121, 41, 39, '2023-10-20'),
(122, 40, 24, '2023-09-25'),
(124, 45, 3, '2024-01-29'),
(125, 3, 37, '2023-12-12'),
(126, 31, 13, '2023-10-22'),
(127, 50, 21, '2024-04-28'),
(128, 41, 46, '2024-03-30'),
(129, 34, 15, '2023-09-06'),
(130, 7, 25, '2023-11-11'),
(131, 7, 24, '2023-06-27'),
(132, 28, 17, '2024-06-04'),
(133, 9, 21, '2024-01-21'),
(134, 50, 38, '2023-10-01'),
(135, 3, 20, '2024-01-17'),
(136, 37, 15, '2023-08-16'),
(137, 45, 13, '2023-11-27'),
(138, 26, 45, '2023-12-04'),
(139, 2, 8, '2024-05-30'),
(140, 13, 26, '2024-04-12'),
(141, 18, 20, '2024-01-22'),
(142, 8, 9, '2023-12-30'),
(143, 24, 30, '2024-05-21'),
(144, 14, 16, '2023-07-11'),
(145, 6, 20, '2024-01-25'),
(146, 23, 37, '2023-08-12'),
(147, 12, 14, '2024-04-01'),
(148, 14, 46, '2024-01-07'),
(149, 48, 7, '2024-02-09'),
(150, 8, 45, '2024-05-14'),
(151, 9, 11, '2023-10-25'),
(152, 2, 3, '2024-01-18'),
(153, 29, 37, '2024-02-06'),
(154, 43, 20, '2024-06-16'),
(155, 10, 24, '2023-12-15'),
(156, 7, 9, '2023-10-02'),
(157, 7, 28, '2024-05-26'),
(158, 30, 11, '2024-03-14'),
(159, 50, 24, '2023-09-29'),
(160, 13, 42, '2024-05-10'),
(161, 41, 15, '2023-12-18'),
(162, 18, 8, '2024-04-10'),
(163, 48, 9, '2024-05-16'),
(164, 21, 14, '2023-07-03'),
(165, 40, 11, '2024-02-15'),
(166, 44, 19, '2023-09-05'),
(167, 5, 4, '2024-06-20'),
(168, 35, 46, '2023-12-23'),
(169, 20, 12, '2023-12-24'),
(170, 48, 32, '2023-07-30'),
(171, 47, 26, '2024-04-14'),
(172, 24, 21, '2024-05-04'),
(173, 10, 23, '2024-01-07'),
(174, 24, 18, '2023-12-19'),
(175, 38, 45, '2023-07-17'),
(176, 17, 3, '2023-08-28'),
(177, 33, 30, '2023-11-22'),
(178, 19, 46, '2024-05-05'),
(179, 23, 10, '2023-08-21'),
(180, 7, 15, '2023-09-20'),
(181, 18, 7, '2024-04-26'),
(182, 32, 14, '2024-04-10'),
(183, 16, 21, '2023-10-03'),
(184, 8, 10, '2024-04-28'),
(185, 20, 14, '2024-02-04'),
(186, 37, 8, '2023-11-04'),
(187, 2, 13, '2024-01-04'),
(188, 17, 24, '2023-10-02'),
(189, 23, 22, '2024-05-04'),
(190, 32, 34, '2024-03-09'),
(192, 2, 28, '2024-05-25'),
(193, 30, 37, '2024-05-29'),
(194, 45, 41, '2023-10-08'),
(195, 5, 3, '2023-12-11'),
(196, 12, 17, '2024-01-18'),
(197, 43, 2, '2024-02-25'),
(198, 48, 15, '2023-07-23'),
(199, 40, 13, '2024-01-08'),
(200, 50, 20, '2023-06-29');

INSERT INTO Addresses (UniversityId, Street, City, State, PostalCode, Country) VALUES
(1, 'AUB Mailing Address, Riad El-Solh', 'Beirut', 'Beirut', '1107 2020', 'Lebanon'),
(2, 'Faculty Apartments Building, Block A, Level 5', 'Beirut', 'Beirut', '1100 2800', 'Lebanon'),
(3, 'Museum Street', 'Beirut', 'Beirut', '6573/14', 'Lebanon'),
(4, 'Rue de Damas, B.P. 17-5208', 'Beirut', 'Beirut', '1104 2020', 'Lebanon'),
(5, 'Al Koura Campus, P.O. Box 100', 'Tripoli', 'North Lebanon', '1304', 'Lebanon'),
(6, 'Riad El Solh, P.O. Box 11-5020', 'Beirut', 'Beirut', '1107 2809', 'Lebanon'),
(7, 'Zouk Mosbeh, P.O. Box 72', 'Zouk Mikael', 'Mount Lebanon', '1300', 'Lebanon'),
(8, 'Mouseitbeh, P.O. Box 146404', 'Beirut', 'Beirut', '146404', 'Lebanon'),
(9, 'Holy Spirit University of Kaslik', 'Kaslik', 'Mount Lebanon', '1300', 'Lebanon'),
(10, 'Ashrafieh, Alfred Naccache Avenue, P.O.Box 16-6452', 'Beirut', 'Beirut', '1600', 'Lebanon'),
(11, 'Omar Bayhum Street, Tayouneh', 'Beirut', 'Beirut', '1301', 'Lebanon'),
(12, 'Rue Mexique, Kantari, P.O.Box 11-1748', 'Beirut', 'Beirut', '1107 2090', 'Lebanon'),
(13, 'Byblos Highway, Fidar  Halat', 'Byblos', 'Mount Lebanon', '1300', 'Lebanon'),
(14, 'Block I, Ground Floor, Room # I-107', 'Mechref', 'Mount Lebanon', '1300', 'Lebanon'),
(15, 'Damour, Near Mechref Entrance', 'Damour', 'Mount Lebanon', '1300', 'Lebanon'),
(16, '289, rue Clemenceau', 'Beirut', 'Beirut', '113-7318', 'Lebanon'),
(17, 'Al Sekeh Al Baida', 'Tripoli', 'North Lebanon', '1300', 'Lebanon'),
(18, 'Furn El Chebbak, P.O.Box 50-501', 'Beirut', 'Beirut', '1300', 'Lebanon'),
(19, 'Sabtieh, Bouchrieh', 'Beirut', 'Beirut', '1300', 'Lebanon'),
(20, 'P.O. BOX 113-5373 HAMRA BLISS STREET', 'Beirut', 'Beirut', '113-5373', 'Lebanon'),
(21, 'Rond-Point Saloumeh  Dekouaneh', 'Beirut', 'Beirut', '55251', 'Lebanon'),
(22, 'Airport Bridge, Ghobeiry 5078 0025', 'Beirut', 'Beirut', '5078 0025', 'Lebanon'),
(23, 'VFRW+5R7', 'Beirut', 'Beirut', '1300', 'Lebanon'),
(24, 'Hadat  Baabda Main Campus, P.O. Box 40016', 'Hadat-Baabda', 'Mount Lebanon', '40016', 'Lebanon'),
(25, 'Cornich Al Mazraa', 'Beirut', 'Beirut', '1300', 'Lebanon'),
(26, 'Municipal Stadium Street, Yasmine Building', 'Beirut', 'Beirut', '2802 1105', 'Lebanon'),
(27, 'Sourati Street, off Jeanne DArc', 'Beirut', 'Beirut', '13-5780', 'Lebanon'),
(28, 'Aintoura, P.O. Box 32', 'Zouk Mikael', 'Mount Lebanon', '32', 'Lebanon'),
(29, 'Sahel Alma', 'Jounieh', 'Mount Lebanon', '1300', 'Lebanon'),
(30, 'Badaro Campus', 'Beirut', 'Beirut', '1300', 'Lebanon'),
(31, 'Rabweh, Cornet Chahwan', 'Rabweh', 'Mount Lebanon', '70.337', 'Lebanon'),
(32, 'Maurice Barres, Batrakiyeh, Zkak El Blat', 'Beirut', 'Beirut', '1300', 'Lebanon'),
(33, 'Maamari Street, next to Bekhazi Hospital', 'Clemenceau', 'Beirut', '1300', 'Lebanon'),
(34, 'Airport Bridge, Ghobeiry 5078 0025', 'Beirut', 'Beirut', '5078 0025', 'Lebanon'),
(35, 'Ghobeiry, Old Airport Road', 'Beirut', 'Beirut', '1300', 'Lebanon'),
(36, 'Mar Elias', 'Beirut', 'Beirut', '1300', 'Lebanon'),
(37, 'Sin El Fil', 'Beirut', 'Beirut', '1300', 'Lebanon'),
(38, 'Abu Samra, Islah Street, Islah Islamic Complex', 'Tripoli', 'North Lebanon', '1300', 'Lebanon'),
(39, 'Al-Kafaàt Campus', 'Ain Saadeh', 'Mount Lebanon', '1300', 'Lebanon'),
(40, 'Azm Campus', 'Tripoli', 'North Lebanon', '1300', 'Lebanon'),
(41, 'Ghoubeiry Roundabout, Haret Hreik', 'Beirut', 'Beirut', '1300', 'Lebanon'),
(42, 'Ibn Rushd Street, south of Dar Al Fatwa', 'Beirut', 'Beirut', '1300', 'Lebanon'),
(43, 'Abou Samra', 'Tripoli', 'North Lebanon', '1300', 'Lebanon'),
(44, 'Rue Hadady, B.P. 4001', 'Batroun', 'North Lebanon', '4001', 'Lebanon'),
(45, 'Centre Supérieur dÉtudes Commerciales', 'Beirut', 'Beirut', '1300', 'Lebanon'),
(46, 'Abu El Oula Building, Beydoun Street, Nazareth Sector', 'Beirut', 'Beirut', '1300', 'Lebanon');


INSERT INTO [Jameati].[dbo].[Courses] ([DepartmentId], [Title], [Description], [Credits], [CreatedDate], [FacultyId])
VALUES 
(1, 'Introduction to Philosophy', 'An introductory course in philosophy, covering major philosophers and key concepts.', 3, '2024-06-28 05:08:32.1733333', 1),
(1, 'World History', 'A comprehensive survey of world history from ancient times to the modern era.', 3, '2024-06-28 05:08:32.1733333', 1),
(2, 'Calculus I', 'An introductory course in calculus covering limits, derivatives, and integrals.', 4, '2024-06-28 05:08:32.1733333', 2),
(2, 'General Chemistry', 'A foundational course in chemistry, including laboratory work.', 4, '2024-06-28 05:08:32.1733333', 2),
(3, 'Human Anatomy', 'Detailed study of human anatomy with a focus on medical applications.', 4, '2024-06-28 05:08:32.1733333', 3),
(3, 'Medical Microbiology', 'Study of microorganisms and their impact on human health.', 3, '2024-06-28 05:08:32.1733333', 3),
(4, 'Introduction to Psychology', 'A survey course covering the major concepts and research in psychology.', 3, '2024-06-28 05:08:32.1733333', 4),
(4, 'Literature and Society', 'Examination of literature and its impact on societal development.', 3, '2024-06-28 05:08:32.1733333', 4),
(5, 'Principles of Management', 'Introduction to the basic principles and practices of management.', 3, '2024-06-28 05:08:32.1733333', 5),
(5, 'Financial Accounting', 'Fundamentals of financial accounting and reporting.', 3, '2024-06-28 05:08:32.1733333', 5),
(6, 'Introduction to Mechanical Engineering', 'Basic principles and applications of mechanical engineering.', 3, '2024-06-28 05:08:32.1733333', 6),
(6, 'Circuit Analysis', 'Study of electrical circuits and their components.', 4, '2024-06-28 05:08:32.1733333', 6),
(7, 'Constitutional Law', 'In-depth study of constitutional law and its applications.', 3, '2024-06-28 05:08:32.1733333', 7),
(7, 'International Relations', 'Examination of international relations theories and practices.', 3, '2024-06-28 05:08:32.1733333', 7),
(8, 'Biology I', 'Introduction to biological principles and laboratory techniques.', 4, '2024-06-28 05:08:32.1733333', 8),
(8, 'Physics I', 'Fundamental principles of physics including mechanics and thermodynamics.', 4, '2024-06-28 05:08:32.1733333', 8),
(9, 'Sociology 101', 'Introduction to the study of society and social behavior.', 3, '2024-06-28 05:08:32.1733333', 9),
(9, 'Anthropology 101', 'Study of human societies, cultures, and their development.', 3, '2024-06-28 05:08:32.1733333', 9),
(10, 'Pathophysiology', 'Study of the physiological processes associated with disease.', 4, '2024-06-28 05:08:32.1733333', 10),
(10, 'Pharmacology', 'Introduction to the principles of pharmacology and drug action.', 3, '2024-06-28 05:08:32.1733333', 10),
(11, 'Comparative Politics', 'Study of political systems and governments around the world.', 3, '2024-06-28 05:08:32.1733333', 11),
(11, 'International Law', 'Examination of international legal principles and their applications.', 3, '2024-06-28 05:08:32.1733333', 11),
(12, 'Thermodynamics', 'Principles of thermodynamics and their engineering applications.', 3, '2024-06-28 05:08:32.1733333', 12),
(12, 'Materials Science', 'Study of the properties and applications of engineering materials.', 4, '2024-06-28 05:08:32.1733333', 12),
(13, 'Marketing Principles', 'Fundamentals of marketing and consumer behavior.', 3, '2024-06-28 05:08:32.1733333', 13),
(13, 'Corporate Finance', 'Introduction to corporate financial management and investment decisions.', 3, '2024-06-28 05:08:32.1733333', 13),
(14, 'Public Health', 'Study of public health principles and practices.', 3, '2024-06-28 05:08:32.1733333', 14),
(14, 'Epidemiology', 'Introduction to the study of disease distribution and determinants.', 3, '2024-06-28 05:08:32.1733333', 14),
(15, 'English Literature', 'Survey of English literature from its beginnings to the present.', 3, '2024-06-28 05:08:32.1733333', 15),
(15, 'American History', 'Detailed study of American history from colonial times to the present.', 3, '2024-06-28 05:08:32.1733333', 15),
(16, 'Architectural Design', 'Introduction to principles and practices of architectural design.', 4, '2024-06-28 05:08:32.1733333', 16),
(16, 'Urban Planning', 'Study of urban planning principles and practices.', 3, '2024-06-28 05:08:32.1733333', 16),
(17, 'Software Engineering', 'Introduction to software engineering principles and practices.', 4, '2024-06-28 05:08:32.1733333', 17),
(17, 'Control Systems', 'Study of control systems and their engineering applications.', 4, '2024-06-28 05:08:32.1733333', 17),
(18, 'Organic Chemistry', 'Introduction to the principles of organic chemistry.', 4, '2024-06-28 05:08:32.1733333', 18),
(18, 'Genetics', 'Study of genetic principles and their applications.', 3, '2024-06-28 05:08:32.1733333', 18),
(19, 'Geology', 'Introduction to the study of the Earth and its processes.', 3, '2024-06-28 05:08:32.1733333', 19),
(19, 'Astronomy', 'Study of the universe beyond the Earth.', 3, '2024-06-28 05:08:32.1733333', 19),
(20, 'Philosophy of Religion', 'Examination of philosophical issues in religion.', 3, '2024-06-28 05:08:32.1733333', 20),
(20, 'Cultural Anthropology', 'Study of cultural variation among humans.', 3, '2024-06-28 05:08:32.1733333', 20);
